{
  "temperature": 2.4444937705993652,
  "threshold": 0.31294435262680054
}