{
  "requested_out_dim": 128,
  "out_dim": 40,
  "src_names": [
    "f_0",
    "f_1",
    "f_2",
    "f_3",
    "f_4",
    "f_5",
    "f_6",
    "f_7",
    "f_8",
    "f_9",
    "f_10",
    "f_11",
    "f_12",
    "f_13",
    "f_14",
    "f_15",
    "f_16",
    "f_17",
    "f_18",
    "f_19",
    "f_20",
    "f_21",
    "f_22",
    "f_23",
    "f_24",
    "f_25",
    "f_26",
    "f_27",
    "f_28",
    "f_29",
    "f_30",
    "f_31",
    "f_32",
    "f_33",
    "f_34",
    "f_35",
    "f_36",
    "f_37",
    "f_38",
    "f_39"
  ],
  "components_shape": [
    40,
    40
  ],
  "explained_variance_ratio": [
    0.8828755021095276,
    0.09949435293674469,
    0.008523217402398586,
    0.002657970879226923,
    0.001376900589093566,
    0.0011165174655616283,
    0.0008319924236275256,
    0.0006500754971057177,
    0.0005009929882362485,
    0.0003803278668783605,
    0.0003593692381400615,
    0.00027350877644494176,
    0.00020400086941663176,
    0.0001461305801058188,
    0.00012041784793836996,
    0.00010513336019357666,
    8.687892113812268e-05,
    6.849055353086442e-05,
    4.674743104260415e-05,
    3.5604749427875504e-05,
    3.137602470815182e-05,
    2.6020872610388324e-05,
    2.449621206324082e-05,
    1.7839496649685316e-05,
    1.626774792384822e-05,
    1.1612043635977898e-05,
    8.502322089043446e-06,
    5.600304575636983e-06,
    2.4035241494857473e-06,
    1.7028118008965976e-06,
    1.538325022920617e-08,
    7.983795071129113e-18,
    2.6597421842019943e-18,
    3.506486424191437e-33,
    -0.0,
    0.0,
    0.0,
    0.0,
    0.0,
    0.0
  ]
}