2025-11-12T16:29:34.071254+00:00 switch=1 window=0 50:c7:bf:00:56:39->33:33:00:00:00:16 decision=dos score=0.931 is_attack=True
2025-11-12T16:29:34.871272+00:00 switch=1 window=1 50:c7:bf:00:56:39->33:33:00:00:00:02 decision=dos score=0.931 is_attack=True
2025-11-12T16:29:35.459970+00:00 switch=1 window=2 50:c7:bf:00:56:39->33:33:00:00:00:02 decision=dos score=0.856 is_attack=True
2025-11-12T16:29:36.392746+00:00 switch=1 window=3 18:b7:9e:02:20:44->33:33:00:00:00:16 decision=arp score=0.921 is_attack=True
2025-11-12T16:29:37.103054+00:00 switch=1 window=4 18:b7:9e:02:20:44->33:33:00:00:00:16 decision=arp score=0.930 is_attack=True
2025-11-12T16:29:37.897914+00:00 switch=1 window=5 18:b4:30:25:be:e4->33:33:00:00:00:16 decision=dos score=0.905 is_attack=True
2025-11-12T16:29:38.681617+00:00 switch=1 window=6 f4:5c:89:93:cc:85->33:33:00:00:00:16 decision=dos score=0.931 is_attack=True
2025-11-12T16:29:39.459874+00:00 switch=1 window=7 f4:5c:89:93:cc:85->33:33:00:00:00:16 decision=dos score=0.931 is_attack=True
2025-11-12T16:29:40.253080+00:00 switch=1 window=10 ec:1a:59:83:28:11->33:33:00:00:00:02 decision=dos score=0.931 is_attack=True
2025-11-12T16:29:41.025666+00:00 switch=1 window=11 ec:1a:59:83:28:11->33:33:00:00:00:02 decision=dos score=0.931 is_attack=True
2025-11-12T16:29:41.818695+00:00 switch=1 window=13 14:cc:20:51:33:ea->33:33:00:00:00:02 decision=dos score=0.931 is_attack=True
2025-11-12T16:29:42.592206+00:00 switch=1 window=14 14:cc:20:51:33:ea->33:33:00:00:00:02 decision=dos score=0.931 is_attack=True
2025-11-12T16:29:43.491502+00:00 switch=1 window=17 b4:ce:f6:a7:a3:c2->33:33:00:00:00:02 decision=dos score=0.931 is_attack=True
2025-11-12T16:29:44.016585+00:00 switch=1 window=18 b4:ce:f6:a7:a3:c2->33:33:00:00:00:02 decision=dos score=0.931 is_attack=True
2025-11-12T16:29:44.428738+00:00 switch=1 window=20 70:5a:0f:e4:9b:c0->33:33:00:00:00:02 decision=dos score=0.928 is_attack=True
2025-11-12T16:29:44.972295+00:00 switch=1 window=21 70:5a:0f:e4:9b:c0->33:33:00:00:00:02 decision=dos score=0.928 is_attack=True
2025-11-12T16:29:45.780721+00:00 switch=1 window=23 50:c7:bf:00:56:39->33:33:00:00:00:02 decision=dos score=0.931 is_attack=True
2025-11-12T16:29:46.573234+00:00 switch=1 window=24 ac:bc:32:d4:6f:2f->33:33:00:00:00:02 decision=dos score=0.931 is_attack=True
2025-11-12T16:29:47.346536+00:00 switch=1 window=25 ac:bc:32:d4:6f:2f->33:33:00:00:00:02 decision=dos score=0.931 is_attack=True
2025-11-12T16:29:48.144452+00:00 switch=1 window=26 18:b7:9e:02:20:44->33:33:00:00:00:02 decision=dos score=0.931 is_attack=True
2025-11-12T16:29:48.965553+00:00 switch=1 window=27 18:b7:9e:02:20:44->33:33:00:00:00:02 decision=dos score=0.931 is_attack=True
2025-11-12T16:29:49.766815+00:00 switch=1 window=29 00:24:e4:1b:6f:96->33:33:00:00:00:02 decision=dos score=0.931 is_attack=True
2025-11-12T16:29:50.538624+00:00 switch=1 window=30 00:24:e4:1b:6f:96->33:33:00:00:00:02 decision=dos score=0.931 is_attack=True
2025-11-12T16:29:51.383828+00:00 switch=1 window=32 44:65:0d:56:cc:d3->ff:ff:ff:ff:ff:ff decision=dos score=0.917 is_attack=True
2025-11-12T16:29:52.167798+00:00 switch=1 window=33 44:65:0d:56:cc:d3->ff:ff:ff:ff:ff:ff decision=dos score=0.924 is_attack=True
2025-11-12T16:29:53.042233+00:00 switch=1 window=36 b4:ce:f6:a7:a3:c2->44:65:0d:56:cc:d3 decision=arp score=0.978 is_attack=True
2025-11-12T16:29:53.874513+00:00 switch=1 window=37 b4:ce:f6:a7:a3:c2->44:65:0d:56:cc:d3 decision=arp score=0.989 is_attack=True
2025-11-12T16:29:54.666470+00:00 switch=1 window=39 44:65:0d:56:cc:d3->b4:ce:f6:a7:a3:c2 decision=dos score=0.901 is_attack=True
2025-11-12T16:29:55.458688+00:00 switch=1 window=40 44:65:0d:56:cc:d3->b4:ce:f6:a7:a3:c2 decision=arp score=0.985 is_attack=True
2025-11-12T16:29:56.421159+00:00 switch=1 window=42 44:65:0d:56:cc:d3->ff:ff:ff:ff:ff:ff decision=arp score=0.910 is_attack=True
2025-11-12T16:29:57.191178+00:00 switch=1 window=43 44:65:0d:56:cc:d3->ff:ff:ff:ff:ff:ff decision=arp score=0.924 is_attack=True
2025-11-12T16:29:57.981154+00:00 switch=1 window=45 40:f3:08:ff:1e:da->44:65:0d:56:cc:d3 decision=arp score=0.987 is_attack=True
2025-11-12T16:29:58.791497+00:00 switch=1 window=46 40:f3:08:ff:1e:da->44:65:0d:56:cc:d3 decision=arp score=0.989 is_attack=True
2025-11-12T16:29:59.616772+00:00 switch=1 window=49 40:f3:08:ff:1e:da->44:65:0d:56:cc:d3 decision=arp score=0.984 is_attack=True
2025-11-12T16:30:00.419276+00:00 switch=1 window=50 40:f3:08:ff:1e:da->44:65:0d:56:cc:d3 decision=arp score=0.992 is_attack=True
2025-11-12T16:30:01.086172+00:00 switch=1 window=52 ec:1a:59:83:28:11->44:65:0d:56:cc:d3 decision=dos score=0.931 is_attack=True
2025-11-12T16:30:01.865118+00:00 switch=1 window=53 ec:1a:59:83:28:11->44:65:0d:56:cc:d3 decision=dos score=0.931 is_attack=True
2025-11-12T16:30:02.664863+00:00 switch=1 window=55 44:65:0d:56:cc:d3->ff:ff:ff:ff:ff:ff decision=dos score=0.931 is_attack=True
2025-11-12T16:30:03.409583+00:00 switch=1 window=56 44:65:0d:56:cc:d3->ff:ff:ff:ff:ff:ff decision=dos score=0.931 is_attack=True
2025-11-12T16:30:04.246126+00:00 switch=1 window=58 ec:1a:59:79:f4:89->44:65:0d:56:cc:d3 decision=dos score=0.931 is_attack=True
2025-11-12T16:30:05.075499+00:00 switch=1 window=59 ec:1a:59:79:f4:89->44:65:0d:56:cc:d3 decision=dos score=0.931 is_attack=True
2025-11-12T16:30:05.871307+00:00 switch=1 window=61 44:65:0d:56:cc:d3->ec:1a:59:79:f4:89 decision=dos score=0.931 is_attack=True
2025-11-12T16:30:06.452392+00:00 switch=1 window=62 44:65:0d:56:cc:d3->ec:1a:59:79:f4:89 decision=dos score=0.931 is_attack=True
2025-11-12T16:30:06.947025+00:00 switch=1 window=65 44:65:0d:56:cc:d3->ff:ff:ff:ff:ff:ff decision=arp score=0.990 is_attack=True
2025-11-12T16:30:07.721169+00:00 switch=1 window=66 44:65:0d:56:cc:d3->ff:ff:ff:ff:ff:ff decision=arp score=0.907 is_attack=True
2025-11-12T16:30:08.547298+00:00 switch=1 window=67 74:6a:89:00:2e:25->44:65:0d:56:cc:d3 decision=arp score=0.992 is_attack=True
2025-11-12T16:30:09.326561+00:00 switch=1 window=68 74:6a:89:00:2e:25->44:65:0d:56:cc:d3 decision=arp score=0.992 is_attack=True
2025-11-12T16:30:09.919420+00:00 switch=1 window=70 74:6a:89:00:2e:25->44:65:0d:56:cc:d3 decision=arp score=0.993 is_attack=True
2025-11-12T16:30:10.694536+00:00 switch=1 window=71 74:6a:89:00:2e:25->44:65:0d:56:cc:d3 decision=arp score=0.993 is_attack=True
2025-11-12T16:30:11.576048+00:00 switch=1 window=73 44:65:0d:56:cc:d3->ff:ff:ff:ff:ff:ff decision=arp score=0.993 is_attack=True
2025-11-12T16:30:12.282092+00:00 switch=1 window=74 44:65:0d:56:cc:d3->ff:ff:ff:ff:ff:ff decision=arp score=0.993 is_attack=True
2025-11-12T16:30:13.073629+00:00 switch=1 window=76 30:8c:fb:2f:e4:b2->44:65:0d:56:cc:d3 decision=arp score=0.993 is_attack=True
2025-11-12T16:30:13.796518+00:00 switch=1 window=77 30:8c:fb:2f:e4:b2->44:65:0d:56:cc:d3 decision=arp score=0.993 is_attack=True
2025-11-12T16:30:14.682304+00:00 switch=1 window=79 30:8c:fb:2f:e4:b2->44:65:0d:56:cc:d3 decision=arp score=0.993 is_attack=True
2025-11-12T16:30:15.441499+00:00 switch=1 window=80 30:8c:fb:2f:e4:b2->44:65:0d:56:cc:d3 decision=arp score=0.993 is_attack=True
2025-11-12T16:30:16.306012+00:00 switch=1 window=82 44:65:0d:56:cc:d3->ff:ff:ff:ff:ff:ff decision=arp score=0.993 is_attack=True
2025-11-12T16:30:17.063055+00:00 switch=1 window=83 44:65:0d:56:cc:d3->ff:ff:ff:ff:ff:ff decision=arp score=0.993 is_attack=True
2025-11-12T16:30:17.844198+00:00 switch=1 window=85 14:cc:20:51:33:ea->44:65:0d:56:cc:d3 decision=arp score=0.993 is_attack=True
2025-11-12T16:30:18.485225+00:00 switch=1 window=86 14:cc:20:51:33:ea->44:65:0d:56:cc:d3 decision=arp score=0.993 is_attack=True
2025-11-12T16:30:19.162335+00:00 switch=1 window=89 70:5a:0f:e4:9b:c0->44:65:0d:56:cc:d3 decision=arp score=0.993 is_attack=True
2025-11-12T16:30:19.725388+00:00 switch=1 window=90 70:5a:0f:e4:9b:c0->44:65:0d:56:cc:d3 decision=arp score=0.993 is_attack=True
2025-11-12T16:30:20.390305+00:00 switch=1 window=91 44:65:0d:56:cc:d3->ff:ff:ff:ff:ff:ff decision=arp score=0.993 is_attack=True
2025-11-12T16:30:21.195420+00:00 switch=1 window=92 70:5a:0f:e4:9b:c0->44:65:0d:56:cc:d3 decision=arp score=0.993 is_attack=True
2025-11-12T16:30:21.987233+00:00 switch=1 window=93 70:5a:0f:e4:9b:c0->44:65:0d:56:cc:d3 decision=arp score=0.993 is_attack=True
2025-11-12T16:30:22.768733+00:00 switch=1 window=95 44:65:0d:56:cc:d3->ff:ff:ff:ff:ff:ff decision=arp score=0.993 is_attack=True
2025-11-12T16:30:23.576348+00:00 switch=1 window=96 44:65:0d:56:cc:d3->ff:ff:ff:ff:ff:ff decision=arp score=0.993 is_attack=True
2025-11-12T16:30:24.319092+00:00 switch=1 window=98 44:65:0d:56:cc:d3->ff:ff:ff:ff:ff:ff decision=arp score=0.993 is_attack=True
2025-11-12T16:30:24.522244+00:00 switch=1 window=99 74:c6:3b:29:d7:1d->44:65:0d:56:cc:d3 decision=arp score=0.993 is_attack=True
2025-11-12T16:30:25.307589+00:00 switch=1 window=100 74:c6:3b:29:d7:1d->44:65:0d:56:cc:d3 decision=arp score=0.993 is_attack=True
2025-11-12T16:30:26.118325+00:00 switch=1 window=103 e8:ab:fa:19:de:4f->44:65:0d:56:cc:d3 decision=arp score=0.993 is_attack=True
2025-11-12T16:30:26.847787+00:00 switch=1 window=104 e8:ab:fa:19:de:4f->44:65:0d:56:cc:d3 decision=arp score=0.993 is_attack=True
2025-11-12T16:30:27.637243+00:00 switch=1 window=105 44:65:0d:56:cc:d3->e8:ab:fa:19:de:4f decision=arp score=0.993 is_attack=True
2025-11-12T16:30:28.332498+00:00 switch=1 window=106 44:65:0d:56:cc:d3->e8:ab:fa:19:de:4f decision=arp score=0.993 is_attack=True
2025-11-12T16:30:29.130069+00:00 switch=1 window=108 44:65:0d:56:cc:d3->ff:ff:ff:ff:ff:ff decision=arp score=0.993 is_attack=True
2025-11-12T16:30:29.961776+00:00 switch=1 window=109 44:65:0d:56:cc:d3->ff:ff:ff:ff:ff:ff decision=arp score=0.993 is_attack=True
2025-11-12T16:30:30.750070+00:00 switch=1 window=111 00:62:6e:51:27:2e->44:65:0d:56:cc:d3 decision=arp score=0.993 is_attack=True
2025-11-12T16:30:31.556239+00:00 switch=1 window=112 00:62:6e:51:27:2e->44:65:0d:56:cc:d3 decision=arp score=0.993 is_attack=True
2025-11-12T16:30:32.240352+00:00 switch=1 window=114 00:62:6e:51:27:2e->44:65:0d:56:cc:d3 decision=arp score=0.992 is_attack=True
2025-11-12T16:30:33.040089+00:00 switch=1 window=115 00:62:6e:51:27:2e->44:65:0d:56:cc:d3 decision=dos score=0.902 is_attack=True
2025-11-12T16:30:33.881901+00:00 switch=1 window=118 44:65:0d:56:cc:d3->ff:ff:ff:ff:ff:ff decision=arp score=0.993 is_attack=True
2025-11-12T16:30:34.697375+00:00 switch=1 window=119 44:65:0d:56:cc:d3->ff:ff:ff:ff:ff:ff decision=arp score=0.993 is_attack=True
2025-11-12T16:30:35.479510+00:00 switch=1 window=121 d0:a6:37:df:a1:e1->44:65:0d:56:cc:d3 decision=arp score=0.993 is_attack=True
2025-11-12T16:30:36.254047+00:00 switch=1 window=122 d0:a6:37:df:a1:e1->44:65:0d:56:cc:d3 decision=arp score=0.993 is_attack=True
2025-11-12T16:30:37.115899+00:00 switch=1 window=124 d0:a6:37:df:a1:e1->44:65:0d:56:cc:d3 decision=arp score=0.993 is_attack=True
2025-11-12T16:30:37.891493+00:00 switch=1 window=125 d0:a6:37:df:a1:e1->44:65:0d:56:cc:d3 decision=arp score=0.993 is_attack=True
2025-11-12T16:30:38.610353+00:00 switch=1 window=127 44:65:0d:56:cc:d3->74:2f:68:81:69:42 decision=arp score=0.938 is_attack=True
2025-11-12T16:30:39.427258+00:00 switch=1 window=128 44:65:0d:56:cc:d3->74:2f:68:81:69:42 decision=dos score=0.926 is_attack=True
2025-11-12T16:30:40.257164+00:00 switch=1 window=130 44:65:0d:56:cc:d3->ff:ff:ff:ff:ff:ff decision=arp score=0.993 is_attack=True
2025-11-12T16:30:41.044283+00:00 switch=1 window=131 44:65:0d:56:cc:d3->ff:ff:ff:ff:ff:ff decision=arp score=0.993 is_attack=True
2025-11-12T16:30:41.952744+00:00 switch=1 window=133 d0:73:d5:01:83:08->44:65:0d:56:cc:d3 decision=arp score=0.993 is_attack=True
2025-11-12T16:30:42.678599+00:00 switch=1 window=134 d0:73:d5:01:83:08->44:65:0d:56:cc:d3 decision=arp score=0.993 is_attack=True
2025-11-12T16:30:43.558265+00:00 switch=1 window=137 d0:73:d5:01:83:08->44:65:0d:56:cc:d3 decision=arp score=0.993 is_attack=True
2025-11-12T16:30:44.147549+00:00 switch=1 window=138 d0:73:d5:01:83:08->44:65:0d:56:cc:d3 decision=arp score=0.993 is_attack=True
2025-11-12T16:30:44.966051+00:00 switch=1 window=140 ac:bc:32:d4:6f:2f->44:65:0d:56:cc:d3 decision=arp score=0.993 is_attack=True
2025-11-12T16:30:45.724282+00:00 switch=1 window=141 ac:bc:32:d4:6f:2f->44:65:0d:56:cc:d3 decision=arp score=0.993 is_attack=True
2025-11-12T16:30:46.540203+00:00 switch=1 window=143 44:65:0d:56:cc:d3->ff:ff:ff:ff:ff:ff decision=arp score=0.993 is_attack=True
2025-11-12T16:30:47.093592+00:00 switch=1 window=144 44:65:0d:56:cc:d3->ff:ff:ff:ff:ff:ff decision=arp score=0.993 is_attack=True
2025-11-12T16:30:47.516378+00:00 switch=1 window=146 f4:5c:89:93:cc:85->44:65:0d:56:cc:d3 decision=arp score=0.993 is_attack=True
2025-11-12T16:30:48.238490+00:00 switch=1 window=147 f4:5c:89:93:cc:85->44:65:0d:56:cc:d3 decision=arp score=0.993 is_attack=True
2025-11-12T16:30:48.781217+00:00 switch=1 window=149 f4:5c:89:93:cc:85->44:65:0d:56:cc:d3 decision=arp score=0.993 is_attack=True
2025-11-12T16:30:49.913768+00:00 switch=1 window=150 f4:5c:89:93:cc:85->44:65:0d:56:cc:d3 decision=arp score=0.993 is_attack=True
2025-11-12T16:31:40.572207+00:00 switch=1 window=0 74:2f:68:81:69:42->33:33:00:00:00:16 decision=dos score=0.931 is_attack=True
2025-11-12T16:31:40.882477+00:00 switch=1 window=1 00:24:e4:20:28:c6->33:33:00:00:00:16 decision=dos score=0.931 is_attack=True
2025-11-12T16:31:41.012200+00:00 switch=1 window=2 00:24:e4:20:28:c6->33:33:00:00:00:16 decision=dos score=0.792 is_attack=True
2025-11-12T16:31:41.358571+00:00 switch=1 window=3 00:24:e4:20:28:c6->33:33:00:00:00:02 decision=arp score=0.900 is_attack=True
2025-11-12T16:31:42.348140+00:00 switch=1 window=4 70:5a:0f:e4:9b:c0->33:33:00:00:00:02 decision=dos score=0.931 is_attack=True
2025-11-12T16:31:42.582960+00:00 switch=1 window=5 e8:ab:fa:19:de:4f->33:33:00:00:00:02 decision=dos score=0.931 is_attack=True
2025-11-12T16:31:42.890275+00:00 switch=1 window=6 d0:a6:37:df:a1:e1->33:33:00:00:00:02 decision=dos score=0.931 is_attack=True
2025-11-12T16:31:43.218167+00:00 switch=1 window=7 d0:52:a8:00:67:5e->33:33:00:00:00:02 decision=dos score=0.931 is_attack=True
2025-11-12T16:31:43.854159+00:00 switch=1 window=8 00:24:e4:20:28:c6->33:33:00:00:00:02 decision=dos score=0.931 is_attack=True
2025-11-12T16:31:44.286617+00:00 switch=1 window=9 f4:f2:6d:93:51:f1->33:33:00:00:00:02 decision=dos score=0.931 is_attack=True
2025-11-12T16:31:49.427931+00:00 switch=1 window=10 b4:ce:f6:a7:a3:c2->33:33:00:00:00:02 decision=dos score=0.931 is_attack=True
2025-11-12T16:31:50.296519+00:00 switch=1 window=11 b4:ce:f6:a7:a3:c2->33:33:00:00:00:02 decision=dos score=0.902 is_attack=True
2025-11-12T16:31:51.073539+00:00 switch=1 window=19 00:62:6e:51:27:2e->33:33:00:00:00:02 decision=dos score=0.928 is_attack=True
2025-11-12T16:31:52.000996+00:00 switch=1 window=20 00:62:6e:51:27:2e->33:33:00:00:00:02 decision=dos score=0.926 is_attack=True
2025-11-12T16:31:52.554700+00:00 switch=1 window=22 70:ee:50:03:b8:ac->33:33:00:00:00:02 decision=dos score=0.931 is_attack=True
2025-11-12T16:31:53.028133+00:00 switch=1 window=23 70:ee:50:03:b8:ac->33:33:00:00:00:02 decision=dos score=0.931 is_attack=True
2025-11-12T16:31:53.812360+00:00 switch=1 window=26 ac:bc:32:d4:6f:2f->33:33:00:00:00:02 decision=dos score=0.931 is_attack=True
2025-11-12T16:31:54.798913+00:00 switch=1 window=27 ac:bc:32:d4:6f:2f->33:33:00:00:00:02 decision=dos score=0.931 is_attack=True
2025-11-12T16:32:03.845304+00:00 switch=1 window=28 00:62:6e:51:27:2e->33:33:00:00:00:02 decision=dos score=0.931 is_attack=True
2025-11-12T16:32:04.001379+00:00 switch=1 window=29 00:62:6e:51:27:2e->33:33:00:00:00:02 decision=dos score=0.931 is_attack=True
2025-11-12T16:32:05.007391+00:00 switch=1 window=49 74:2f:68:81:69:42->33:33:00:00:00:02 decision=dos score=0.924 is_attack=True
2025-11-12T16:32:05.818144+00:00 switch=1 window=50 40:f3:08:ff:1e:da->33:33:00:00:00:02 decision=dos score=0.931 is_attack=True
2025-11-12T16:32:06.539320+00:00 switch=1 window=51 40:f3:08:ff:1e:da->33:33:00:00:00:02 decision=dos score=0.930 is_attack=True
2025-11-12T16:32:07.337204+00:00 switch=1 window=52 e8:ab:fa:19:de:4f->33:33:00:00:00:02 decision=dos score=0.917 is_attack=True
2025-11-12T16:32:08.113305+00:00 switch=1 window=53 e8:ab:fa:19:de:4f->33:33:00:00:00:02 decision=dos score=0.914 is_attack=True
2025-11-12T16:32:08.927849+00:00 switch=1 window=55 00:24:e4:20:28:c6->33:33:00:00:00:02 decision=dos score=0.931 is_attack=True
2025-11-12T16:32:09.970731+00:00 switch=1 window=56 00:24:e4:20:28:c6->33:33:00:00:00:02 decision=dos score=0.931 is_attack=True
2025-11-12T16:32:12.067989+00:00 switch=1 window=58 e0:76:d0:33:bb:85->33:33:00:00:00:02 decision=dos score=0.931 is_attack=True
2025-11-12T16:32:14.869322+00:00 switch=1 window=62 18:b4:30:25:be:e4->33:33:00:00:00:02 decision=dos score=0.931 is_attack=True
2025-11-12T16:32:15.669789+00:00 switch=1 window=63 18:b4:30:25:be:e4->33:33:00:00:00:02 decision=dos score=0.931 is_attack=True
2025-11-12T16:33:29.996100+00:00 switch=1 window=0 f4:f2:6d:93:51:f1->33:33:00:00:00:16 decision=dos score=0.931 is_attack=True
2025-11-12T16:33:30.362310+00:00 switch=1 window=1 00:24:e4:1b:6f:96->33:33:00:00:00:16 decision=dos score=0.931 is_attack=True
2025-11-12T16:33:30.871526+00:00 switch=1 window=2 40:f3:08:ff:1e:da->33:33:00:00:00:02 decision=dos score=0.931 is_attack=True
2025-11-12T16:33:31.488272+00:00 switch=1 window=3 30:8c:fb:2f:e4:b2->33:33:00:00:00:02 decision=dos score=0.931 is_attack=True
2025-11-12T16:33:32.341074+00:00 switch=1 window=4 ec:1a:59:79:f4:89->33:33:00:00:00:02 decision=dos score=0.926 is_attack=True
2025-11-12T16:33:32.647216+00:00 switch=1 window=5 70:5a:0f:e4:9b:c0->33:33:00:00:00:02 decision=dos score=0.930 is_attack=True
2025-11-12T16:33:32.828068+00:00 switch=1 window=6 f4:5c:89:93:cc:85->33:33:00:00:00:02 decision=dos score=0.931 is_attack=True
2025-11-12T16:33:33.444527+00:00 switch=1 window=7 50:c7:bf:00:56:39->33:33:00:00:00:02 decision=dos score=0.931 is_attack=True
2025-11-12T16:33:33.692505+00:00 switch=1 window=8 00:24:e4:1b:6f:96->33:33:00:00:00:02 decision=dos score=0.931 is_attack=True
2025-11-12T16:33:34.543129+00:00 switch=1 window=9 18:b7:9e:02:20:44->33:33:00:00:00:02 decision=dos score=0.931 is_attack=True
2025-11-12T16:33:35.461571+00:00 switch=1 window=10 00:24:e4:11:18:a8->33:33:00:00:00:02 decision=dos score=0.931 is_attack=True
2025-11-12T16:33:39.705368+00:00 switch=1 window=11 40:f3:08:ff:1e:da->33:33:00:00:00:02 decision=dos score=0.918 is_attack=True
2025-11-12T16:33:41.244282+00:00 switch=1 window=12 40:f3:08:ff:1e:da->33:33:00:00:00:02 decision=dos score=0.898 is_attack=True
2025-11-12T16:33:42.022576+00:00 switch=1 window=17 18:b4:30:25:be:e4->33:33:00:00:00:02 decision=dos score=0.905 is_attack=True
2025-11-12T16:33:42.788995+00:00 switch=1 window=18 18:b4:30:25:be:e4->33:33:00:00:00:02 decision=dos score=0.908 is_attack=True
2025-11-12T16:37:13.342480+00:00 switch=1 window=0 74:6a:89:00:2e:25->33:33:00:00:00:16 decision=dos score=0.931 is_attack=True
2025-11-12T16:37:14.182011+00:00 switch=1 window=1 08:21:ef:3b:fc:e3->33:33:00:00:00:16 decision=dos score=0.931 is_attack=True
2025-11-12T16:37:14.998652+00:00 switch=1 window=2 30:8c:fb:b6:ea:45->33:33:00:00:00:16 decision=dos score=0.931 is_attack=True
2025-11-12T16:37:15.308058+00:00 switch=1 window=3 30:8c:fb:b6:ea:45->33:33:00:00:00:16 decision=dos score=0.931 is_attack=True
2025-11-12T16:37:15.980853+00:00 switch=1 window=4 ac:bc:32:d4:6f:2f->33:33:00:00:00:16 decision=dos score=0.840 is_attack=True
2025-11-12T16:37:16.754883+00:00 switch=1 window=5 ac:bc:32:d4:6f:2f->33:33:00:00:00:16 decision=dos score=0.827 is_attack=True
2025-11-12T16:37:17.562978+00:00 switch=1 window=6 00:16:6c:ab:6b:88->33:33:00:00:00:16 decision=dos score=0.931 is_attack=True
2025-11-12T16:37:17.995575+00:00 switch=1 window=7 00:16:6c:ab:6b:88->33:33:00:00:00:16 decision=dos score=0.931 is_attack=True
2025-11-12T16:37:18.827268+00:00 switch=1 window=9 d0:52:a8:00:67:5e->33:33:00:00:00:16 decision=dos score=0.931 is_attack=True
2025-11-12T16:37:19.529911+00:00 switch=1 window=10 d0:52:a8:00:67:5e->33:33:00:00:00:16 decision=dos score=0.931 is_attack=True
2025-11-12T16:37:20.280301+00:00 switch=1 window=12 70:ee:50:03:b8:ac->33:33:00:00:00:02 decision=dos score=0.931 is_attack=True
2025-11-12T16:37:21.041589+00:00 switch=1 window=13 70:ee:50:03:b8:ac->33:33:00:00:00:02 decision=dos score=0.931 is_attack=True
2025-11-12T16:37:21.813185+00:00 switch=1 window=15 00:24:e4:11:18:a8->33:33:00:00:00:02 decision=dos score=0.931 is_attack=True
2025-11-12T16:37:22.584788+00:00 switch=1 window=16 00:24:e4:11:18:a8->33:33:00:00:00:02 decision=dos score=0.931 is_attack=True
2025-11-12T16:37:24.009116+00:00 switch=1 window=18 70:5a:0f:e4:9b:c0->33:33:00:00:00:02 decision=dos score=0.928 is_attack=True
2025-11-12T16:37:24.795705+00:00 switch=1 window=19 70:5a:0f:e4:9b:c0->33:33:00:00:00:02 decision=dos score=0.931 is_attack=True
2025-11-12T16:37:25.586431+00:00 switch=1 window=22 d0:a6:37:df:a1:e1->33:33:00:00:00:02 decision=dos score=0.931 is_attack=True
2025-11-12T16:37:26.371395+00:00 switch=1 window=23 d0:a6:37:df:a1:e1->33:33:00:00:00:02 decision=dos score=0.930 is_attack=True
2025-11-12T16:37:27.146303+00:00 switch=1 window=25 00:16:6c:ab:6b:88->33:33:00:00:00:02 decision=dos score=0.931 is_attack=True
2025-11-12T16:37:27.924342+00:00 switch=1 window=26 00:16:6c:ab:6b:88->33:33:00:00:00:02 decision=dos score=0.931 is_attack=True
2025-11-12T16:37:28.687072+00:00 switch=1 window=28 ac:bc:32:d4:6f:2f->33:33:00:00:00:02 decision=dos score=0.931 is_attack=True
2025-11-12T16:37:29.452622+00:00 switch=1 window=29 ac:bc:32:d4:6f:2f->33:33:00:00:00:02 decision=dos score=0.931 is_attack=True
2025-11-12T16:37:30.292618+00:00 switch=1 window=31 44:65:0d:56:cc:d3->ff:ff:ff:ff:ff:ff decision=dos score=0.931 is_attack=True
2025-11-12T16:37:31.080373+00:00 switch=1 window=32 44:65:0d:56:cc:d3->ff:ff:ff:ff:ff:ff decision=dos score=0.931 is_attack=True
2025-11-12T16:37:31.871940+00:00 switch=1 window=34 b4:ce:f6:a7:a3:c2->44:65:0d:56:cc:d3 decision=dos score=0.902 is_attack=True
2025-11-12T16:37:32.297841+00:00 switch=1 window=35 b4:ce:f6:a7:a3:c2->44:65:0d:56:cc:d3 decision=arp score=0.906 is_attack=True
2025-11-12T16:37:33.138324+00:00 switch=1 window=38 b4:ce:f6:a7:a3:c2->44:65:0d:56:cc:d3 decision=arp score=0.959 is_attack=True
2025-11-12T16:37:34.005275+00:00 switch=1 window=39 b4:ce:f6:a7:a3:c2->44:65:0d:56:cc:d3 decision=arp score=0.983 is_attack=True
2025-11-12T16:37:34.806045+00:00 switch=1 window=40 44:65:0d:56:cc:d3->ff:ff:ff:ff:ff:ff decision=dos score=0.913 is_attack=True
2025-11-12T16:37:35.694182+00:00 switch=1 window=41 44:65:0d:56:cc:d3->ff:ff:ff:ff:ff:ff decision=dos score=0.919 is_attack=True
2025-11-12T16:37:36.492701+00:00 switch=1 window=44 40:f3:08:ff:1e:da->44:65:0d:56:cc:d3 decision=arp score=0.992 is_attack=True
2025-11-12T16:37:37.256466+00:00 switch=1 window=45 40:f3:08:ff:1e:da->44:65:0d:56:cc:d3 decision=arp score=0.993 is_attack=True
2025-11-12T16:37:38.037258+00:00 switch=1 window=47 40:f3:08:ff:1e:da->44:65:0d:56:cc:d3 decision=arp score=0.983 is_attack=True
2025-11-12T16:37:38.853272+00:00 switch=1 window=48 40:f3:08:ff:1e:da->44:65:0d:56:cc:d3 decision=arp score=0.993 is_attack=True
2025-11-12T16:37:39.665688+00:00 switch=1 window=50 ec:1a:59:83:28:11->44:65:0d:56:cc:d3 decision=arp score=0.992 is_attack=True
2025-11-12T16:37:40.505202+00:00 switch=1 window=51 ec:1a:59:83:28:11->44:65:0d:56:cc:d3 decision=arp score=0.992 is_attack=True
2025-11-12T16:37:41.233093+00:00 switch=1 window=53 44:65:0d:56:cc:d3->ff:ff:ff:ff:ff:ff decision=dos score=0.930 is_attack=True
2025-11-12T16:37:42.007346+00:00 switch=1 window=54 44:65:0d:56:cc:d3->ff:ff:ff:ff:ff:ff decision=dos score=0.931 is_attack=True
2025-11-12T16:37:42.813918+00:00 switch=1 window=57 ec:1a:59:79:f4:89->44:65:0d:56:cc:d3 decision=dos score=0.928 is_attack=True
2025-11-12T16:37:43.646571+00:00 switch=1 window=58 ec:1a:59:79:f4:89->44:65:0d:56:cc:d3 decision=dos score=0.931 is_attack=True
2025-11-12T16:37:44.443959+00:00 switch=1 window=60 44:65:0d:56:cc:d3->ff:ff:ff:ff:ff:ff decision=arp score=0.980 is_attack=True
2025-11-12T16:37:45.238324+00:00 switch=1 window=61 44:65:0d:56:cc:d3->ff:ff:ff:ff:ff:ff decision=dos score=0.906 is_attack=True
2025-11-12T16:37:46.052149+00:00 switch=1 window=63 ec:1a:59:79:f4:89->44:65:0d:56:cc:d3 decision=arp score=0.993 is_attack=True
2025-11-12T16:37:46.809124+00:00 switch=1 window=64 ec:1a:59:79:f4:89->44:65:0d:56:cc:d3 decision=arp score=0.993 is_attack=True
2025-11-12T16:37:47.602161+00:00 switch=1 window=66 ac:bc:32:d4:6f:2f->33:33:00:00:00:02 decision=dos score=0.901 is_attack=True
2025-11-12T16:37:48.201277+00:00 switch=1 window=67 ac:bc:32:d4:6f:2f->33:33:00:00:00:02 decision=dos score=0.909 is_attack=True
2025-11-12T16:37:48.363485+00:00 switch=1 window=69 74:6a:89:00:2e:25->44:65:0d:56:cc:d3 decision=arp score=0.993 is_attack=True
2025-11-12T16:37:49.027964+00:00 switch=1 window=70 74:6a:89:00:2e:25->44:65:0d:56:cc:d3 decision=arp score=0.992 is_attack=True
2025-11-12T16:37:49.828279+00:00 switch=1 window=72 74:6a:89:00:2e:25->44:65:0d:56:cc:d3 decision=arp score=0.993 is_attack=True
2025-11-12T16:37:50.778627+00:00 switch=1 window=74 30:8c:fb:2f:e4:b2->44:65:0d:56:cc:d3 decision=arp score=0.993 is_attack=True
2025-11-12T16:37:51.493024+00:00 switch=1 window=75 30:8c:fb:2f:e4:b2->44:65:0d:56:cc:d3 decision=arp score=0.993 is_attack=True
2025-11-12T17:53:57.000864+00:00 switch=1 window=0 f4:f2:6d:93:51:f1->33:33:00:00:00:16 decision=dos score=0.931 is_attack=True
2025-11-12T17:53:58.030519+00:00 switch=1 window=1 f4:f2:6d:93:51:f1->33:33:00:00:00:02 decision=dos score=0.931 is_attack=True
2025-11-12T17:53:58.864876+00:00 switch=1 window=2 f4:f2:6d:93:51:f1->33:33:00:00:00:02 decision=dos score=0.854 is_attack=True
2025-11-12T17:53:59.673295+00:00 switch=1 window=3 00:24:e4:1b:6f:96->33:33:00:00:00:16 decision=arp score=0.925 is_attack=True
2025-11-12T17:54:00.513604+00:00 switch=1 window=4 00:24:e4:1b:6f:96->33:33:00:00:00:16 decision=arp score=0.936 is_attack=True
2025-11-12T17:54:01.627998+00:00 switch=1 window=6 00:24:e4:20:28:c6->33:33:00:00:00:02 decision=dos score=0.931 is_attack=True
2025-11-12T17:54:03.783958+00:00 switch=1 window=7 00:24:e4:20:28:c6->33:33:00:00:00:02 decision=dos score=0.931 is_attack=True
2025-11-12T17:54:04.372586+00:00 switch=1 window=10 d0:73:d5:01:83:08->33:33:00:00:00:02 decision=dos score=0.931 is_attack=True
2025-11-12T17:54:04.707652+00:00 switch=1 window=11 d0:73:d5:01:83:08->33:33:00:00:00:02 decision=dos score=0.931 is_attack=True
2025-11-12T17:57:49.947884+00:00 switch=1 window=0 18:b4:30:25:be:e4->33:33:00:00:00:16 decision=dos score=0.931 is_attack=True
2025-11-12T17:57:50.793306+00:00 switch=1 window=1 e0:76:d0:33:bb:85->33:33:00:00:00:16 decision=dos score=0.931 is_attack=True
2025-11-12T17:57:51.615323+00:00 switch=1 window=2 d0:52:a8:00:67:5e->33:33:00:00:00:16 decision=dos score=0.931 is_attack=True
2025-11-12T17:57:52.470151+00:00 switch=1 window=3 d0:52:a8:00:67:5e->33:33:00:00:00:16 decision=dos score=0.931 is_attack=True
2025-11-12T17:57:53.265122+00:00 switch=1 window=4 d0:52:a8:00:67:5e->33:33:00:00:00:02 decision=dos score=0.875 is_attack=True
2025-11-12T17:57:54.032308+00:00 switch=1 window=5 d0:52:a8:00:67:5e->33:33:00:00:00:02 decision=dos score=0.863 is_attack=True
2025-11-12T17:57:54.764327+00:00 switch=1 window=7 00:24:e4:1b:6f:96->33:33:00:00:00:16 decision=dos score=0.913 is_attack=True
2025-11-12T17:57:55.575242+00:00 switch=1 window=8 ec:1a:59:79:f4:89->33:33:00:00:00:02 decision=dos score=0.931 is_attack=True
2025-11-12T17:57:56.347736+00:00 switch=1 window=9 ec:1a:59:79:f4:89->33:33:00:00:00:02 decision=dos score=0.931 is_attack=True
2025-11-12T17:57:57.099473+00:00 switch=1 window=12 d0:73:d5:01:83:08->33:33:00:00:00:02 decision=dos score=0.931 is_attack=True
2025-11-12T17:57:57.883419+00:00 switch=1 window=13 d0:73:d5:01:83:08->33:33:00:00:00:02 decision=dos score=0.931 is_attack=True
2025-11-12T17:57:59.433462+00:00 switch=1 window=15 b4:ce:f6:a7:a3:c2->33:33:00:00:00:02 decision=dos score=0.931 is_attack=True
2025-11-12T17:57:59.911961+00:00 switch=1 window=16 b4:ce:f6:a7:a3:c2->33:33:00:00:00:02 decision=dos score=0.931 is_attack=True
2025-11-12T17:58:00.697647+00:00 switch=1 window=21 30:8c:fb:b6:ea:45->33:33:00:00:00:02 decision=dos score=0.894 is_attack=True
2025-11-12T17:58:01.487645+00:00 switch=1 window=22 ac:bc:32:d4:6f:2f->33:33:00:00:00:02 decision=dos score=0.931 is_attack=True
2025-11-12T17:58:02.256076+00:00 switch=1 window=23 ac:bc:32:d4:6f:2f->33:33:00:00:00:02 decision=dos score=0.931 is_attack=True
2025-11-12T17:58:03.051036+00:00 switch=1 window=24 e0:76:d0:33:bb:85->33:33:00:00:00:02 decision=dos score=0.931 is_attack=True
2025-11-12T17:58:03.821253+00:00 switch=1 window=25 e0:76:d0:33:bb:85->33:33:00:00:00:02 decision=dos score=0.930 is_attack=True
2025-11-12T17:58:04.645030+00:00 switch=1 window=27 30:8c:fb:2f:e4:b2->33:33:00:00:00:02 decision=dos score=0.931 is_attack=True
2025-11-12T17:58:05.411080+00:00 switch=1 window=28 30:8c:fb:2f:e4:b2->33:33:00:00:00:02 decision=dos score=0.931 is_attack=True
2025-11-12T17:58:09.507314+00:00 switch=1 window=30 44:65:0d:56:cc:d3->ff:ff:ff:ff:ff:ff decision=dos score=0.931 is_attack=True
2025-11-12T17:58:09.878669+00:00 switch=1 window=31 44:65:0d:56:cc:d3->ff:ff:ff:ff:ff:ff decision=dos score=0.931 is_attack=True
2025-11-12T17:58:10.759044+00:00 switch=1 window=40 b4:ce:f6:a7:a3:c2->44:65:0d:56:cc:d3 decision=arp score=0.919 is_attack=True
2025-11-12T17:58:11.517483+00:00 switch=1 window=41 b4:ce:f6:a7:a3:c2->44:65:0d:56:cc:d3 decision=arp score=0.960 is_attack=True
2025-11-12T17:58:12.392957+00:00 switch=1 window=42 44:65:0d:56:cc:d3->b4:ce:f6:a7:a3:c2 decision=arp score=0.915 is_attack=True
2025-11-12T17:58:13.176253+00:00 switch=1 window=43 44:65:0d:56:cc:d3->b4:ce:f6:a7:a3:c2 decision=dos score=0.901 is_attack=True
2025-11-12T17:58:14.118511+00:00 switch=1 window=46 44:65:0d:56:cc:d3->ff:ff:ff:ff:ff:ff decision=arp score=0.976 is_attack=True
2025-11-12T17:58:14.922274+00:00 switch=1 window=47 44:65:0d:56:cc:d3->ff:ff:ff:ff:ff:ff decision=arp score=0.967 is_attack=True
2025-11-12T17:58:15.813659+00:00 switch=1 window=49 40:f3:08:ff:1e:da->44:65:0d:56:cc:d3 decision=arp score=0.955 is_attack=True
2025-11-12T17:58:16.600892+00:00 switch=1 window=50 40:f3:08:ff:1e:da->44:65:0d:56:cc:d3 decision=arp score=0.992 is_attack=True
2025-11-12T17:58:17.395266+00:00 switch=1 window=52 ec:1a:59:83:28:11->44:65:0d:56:cc:d3 decision=dos score=0.931 is_attack=True
2025-11-12T17:58:18.138247+00:00 switch=1 window=53 ec:1a:59:83:28:11->44:65:0d:56:cc:d3 decision=dos score=0.931 is_attack=True
2025-11-12T17:58:18.986575+00:00 switch=1 window=56 ec:1a:59:83:28:11->44:65:0d:56:cc:d3 decision=dos score=0.929 is_attack=True
2025-11-12T17:58:19.769685+00:00 switch=1 window=57 ec:1a:59:83:28:11->44:65:0d:56:cc:d3 decision=dos score=0.931 is_attack=True
2025-11-12T17:58:20.461741+00:00 switch=1 window=59 44:65:0d:56:cc:d3->ff:ff:ff:ff:ff:ff decision=dos score=0.931 is_attack=True
2025-11-12T17:58:21.277032+00:00 switch=1 window=60 44:65:0d:56:cc:d3->ff:ff:ff:ff:ff:ff decision=dos score=0.927 is_attack=True
2025-11-12T17:58:22.070438+00:00 switch=1 window=62 ec:1a:59:79:f4:89->44:65:0d:56:cc:d3 decision=dos score=0.931 is_attack=True
2025-11-12T17:58:22.841423+00:00 switch=1 window=63 ec:1a:59:79:f4:89->44:65:0d:56:cc:d3 decision=dos score=0.931 is_attack=True
2025-11-12T17:58:23.484294+00:00 switch=1 window=65 ec:1a:59:79:f4:89->44:65:0d:56:cc:d3 decision=dos score=0.903 is_attack=True
2025-11-12T17:58:24.206428+00:00 switch=1 window=66 ec:1a:59:79:f4:89->44:65:0d:56:cc:d3 decision=dos score=0.912 is_attack=True
2025-11-12T17:58:25.033349+00:00 switch=1 window=68 74:6a:89:00:2e:25->44:65:0d:56:cc:d3 decision=arp score=0.993 is_attack=True
2025-11-12T17:58:25.744952+00:00 switch=1 window=69 74:6a:89:00:2e:25->44:65:0d:56:cc:d3 decision=arp score=0.993 is_attack=True
2025-11-12T17:58:26.474129+00:00 switch=1 window=71 44:65:0d:56:cc:d3->74:6a:89:00:2e:25 decision=arp score=0.993 is_attack=True
2025-11-12T17:58:27.176013+00:00 switch=1 window=72 44:65:0d:56:cc:d3->74:6a:89:00:2e:25 decision=arp score=0.993 is_attack=True
2025-11-12T17:58:27.960496+00:00 switch=1 window=74 44:65:0d:56:cc:d3->ff:ff:ff:ff:ff:ff decision=arp score=0.993 is_attack=True
2025-11-12T17:58:28.867986+00:00 switch=1 window=75 44:65:0d:56:cc:d3->ff:ff:ff:ff:ff:ff decision=arp score=0.993 is_attack=True
2025-11-12T17:58:29.734265+00:00 switch=1 window=77 30:8c:fb:2f:e4:b2->44:65:0d:56:cc:d3 decision=arp score=0.993 is_attack=True
2025-11-12T17:58:30.552571+00:00 switch=1 window=78 30:8c:fb:2f:e4:b2->44:65:0d:56:cc:d3 decision=arp score=0.993 is_attack=True
2025-11-12T17:58:31.340573+00:00 switch=1 window=80 30:8c:fb:2f:e4:b2->44:65:0d:56:cc:d3 decision=arp score=0.993 is_attack=True
2025-11-12T17:58:32.102692+00:00 switch=1 window=81 30:8c:fb:2f:e4:b2->44:65:0d:56:cc:d3 decision=arp score=0.993 is_attack=True
2025-11-12T17:58:32.890204+00:00 switch=1 window=84 44:65:0d:56:cc:d3->14:cc:20:51:33:ea decision=arp score=0.993 is_attack=True
2025-11-12T17:58:33.715181+00:00 switch=1 window=85 44:65:0d:56:cc:d3->14:cc:20:51:33:ea decision=arp score=0.993 is_attack=True
2025-11-12T17:58:34.422333+00:00 switch=1 window=87 44:65:0d:56:cc:d3->ff:ff:ff:ff:ff:ff decision=arp score=0.993 is_attack=True
2025-11-12T17:58:35.260294+00:00 switch=1 window=88 44:65:0d:56:cc:d3->ff:ff:ff:ff:ff:ff decision=arp score=0.993 is_attack=True
2025-11-12T17:58:36.105493+00:00 switch=1 window=90 70:5a:0f:e4:9b:c0->44:65:0d:56:cc:d3 decision=arp score=0.993 is_attack=True
2025-11-12T17:58:36.880099+00:00 switch=1 window=91 70:5a:0f:e4:9b:c0->44:65:0d:56:cc:d3 decision=arp score=0.993 is_attack=True
2025-11-12T17:58:37.678313+00:00 switch=1 window=93 44:65:0d:56:cc:d3->ff:ff:ff:ff:ff:ff decision=arp score=0.993 is_attack=True
2025-11-12T17:58:38.344091+00:00 switch=1 window=94 44:65:0d:56:cc:d3->ff:ff:ff:ff:ff:ff decision=arp score=0.993 is_attack=True
2025-11-12T17:58:39.204361+00:00 switch=1 window=96 70:5a:0f:e4:9b:c0->44:65:0d:56:cc:d3 decision=arp score=0.993 is_attack=True
2025-11-12T17:58:40.082254+00:00 switch=1 window=97 70:5a:0f:e4:9b:c0->44:65:0d:56:cc:d3 decision=arp score=0.993 is_attack=True
2025-11-12T17:58:40.935203+00:00 switch=1 window=99 74:c6:3b:29:d7:1d->44:65:0d:56:cc:d3 decision=arp score=0.993 is_attack=True
2025-11-12T17:58:41.668743+00:00 switch=1 window=100 74:c6:3b:29:d7:1d->44:65:0d:56:cc:d3 decision=arp score=0.993 is_attack=True
2025-11-12T17:58:42.450643+00:00 switch=1 window=103 74:c6:3b:29:d7:1d->44:65:0d:56:cc:d3 decision=arp score=0.993 is_attack=True
2025-11-12T17:58:43.202374+00:00 switch=1 window=104 74:c6:3b:29:d7:1d->44:65:0d:56:cc:d3 decision=arp score=0.993 is_attack=True
2025-11-12T17:58:43.906505+00:00 switch=1 window=106 74:c6:3b:29:d7:1d->44:65:0d:56:cc:d3 decision=arp score=0.993 is_attack=True
2025-11-12T17:58:44.630243+00:00 switch=1 window=107 74:c6:3b:29:d7:1d->44:65:0d:56:cc:d3 decision=arp score=0.993 is_attack=True
2025-11-12T17:58:45.024362+00:00 switch=1 window=109 e8:ab:fa:19:de:4f->44:65:0d:56:cc:d3 decision=arp score=0.993 is_attack=True
2025-11-12T17:58:45.771685+00:00 switch=1 window=110 e8:ab:fa:19:de:4f->44:65:0d:56:cc:d3 decision=arp score=0.993 is_attack=True
2025-11-12T17:58:46.491804+00:00 switch=1 window=112 e8:ab:fa:19:de:4f->44:65:0d:56:cc:d3 decision=arp score=0.993 is_attack=True
2025-11-12T17:58:47.165986+00:00 switch=1 window=113 e8:ab:fa:19:de:4f->44:65:0d:56:cc:d3 decision=arp score=0.993 is_attack=True
2025-11-12T17:58:48.425368+00:00 switch=1 window=114 00:62:6e:51:27:2e->44:65:0d:56:cc:d3 decision=arp score=0.993 is_attack=True
2025-11-12T17:58:50.471348+00:00 switch=1 window=115 00:62:6e:51:27:2e->44:65:0d:56:cc:d3 decision=arp score=0.993 is_attack=True
2025-11-12T17:58:51.141777+00:00 switch=1 window=117 00:62:6e:51:27:2e->44:65:0d:56:cc:d3 decision=arp score=0.993 is_attack=True
2025-11-12T17:58:51.818498+00:00 switch=1 window=118 00:62:6e:51:27:2e->44:65:0d:56:cc:d3 decision=arp score=0.993 is_attack=True
2025-11-12T17:58:52.532312+00:00 switch=1 window=123 d0:a6:37:df:a1:e1->44:65:0d:56:cc:d3 decision=arp score=0.993 is_attack=True
2025-11-12T17:58:53.357154+00:00 switch=1 window=124 d0:a6:37:df:a1:e1->44:65:0d:56:cc:d3 decision=arp score=0.993 is_attack=True
2025-11-12T17:58:54.126930+00:00 switch=1 window=125 d0:a6:37:df:a1:e1->44:65:0d:56:cc:d3 decision=arp score=0.993 is_attack=True
2025-11-12T17:59:47.867805+00:00 switch=1 window=0 44:65:0d:56:cc:d3->33:33:00:00:00:02 decision=dos score=0.730 is_attack=True
2025-11-12T17:59:48.656152+00:00 switch=1 window=1 44:65:0d:56:cc:d3->33:33:00:00:00:02 decision=arp score=0.739 is_attack=True
2025-11-12T17:59:49.478193+00:00 switch=1 window=20 b4:ce:f6:a7:a3:c2->33:33:00:00:00:02 decision=arp score=0.923 is_attack=True
2025-11-12T17:59:50.275507+00:00 switch=1 window=21 f4:5c:89:93:cc:85->33:33:00:00:00:02 decision=dos score=0.631 is_attack=False
2025-11-12T17:59:51.053353+00:00 switch=1 window=22 f4:5c:89:93:cc:85->33:33:00:00:00:02 decision=arp score=0.715 is_attack=True
2025-11-12T17:59:51.781832+00:00 switch=1 window=24 ec:1a:59:83:28:11->33:33:00:00:00:02 decision=dos score=0.905 is_attack=True
2025-11-12T17:59:52.560359+00:00 switch=1 window=25 ec:1a:59:83:28:11->33:33:00:00:00:02 decision=dos score=0.929 is_attack=True
2025-11-12T17:59:53.351100+00:00 switch=1 window=28 18:b7:9e:02:20:44->33:33:00:00:00:02 decision=dos score=0.931 is_attack=True
2025-11-12T17:59:54.177123+00:00 switch=1 window=29 18:b7:9e:02:20:44->33:33:00:00:00:02 decision=dos score=0.931 is_attack=True
2025-11-12T17:59:54.965047+00:00 switch=1 window=31 f4:f2:6d:93:51:f1->33:33:00:00:00:02 decision=dos score=0.931 is_attack=True
2025-11-12T17:59:55.746102+00:00 switch=1 window=32 f4:f2:6d:93:51:f1->33:33:00:00:00:02 decision=dos score=0.931 is_attack=True
2025-11-12T17:59:56.540512+00:00 switch=1 window=34 00:24:e4:20:28:c6->33:33:00:00:00:02 decision=dos score=0.908 is_attack=True
2025-11-12T17:59:57.306258+00:00 switch=1 window=35 00:24:e4:20:28:c6->33:33:00:00:00:02 decision=dos score=0.914 is_attack=True
2025-11-12T18:00:15.362721+00:00 switch=1 window=37 f4:5c:89:93:cc:85->33:33:00:00:00:02 decision=dos score=0.928 is_attack=True
2025-11-12T18:00:16.136122+00:00 switch=1 window=38 f4:5c:89:93:cc:85->33:33:00:00:00:02 decision=dos score=0.921 is_attack=True
2025-11-12T18:00:16.905600+00:00 switch=1 window=75 b4:ce:f6:a7:a3:c2->33:33:00:00:00:02 decision=arp score=0.908 is_attack=True
2025-11-12T18:00:17.686070+00:00 switch=1 window=76 b4:ce:f6:a7:a3:c2->33:33:00:00:00:02 decision=arp score=0.954 is_attack=True
2025-11-12T18:00:18.483230+00:00 switch=1 window=78 70:ee:50:03:b8:ac->33:33:00:00:00:02 decision=dos score=0.909 is_attack=True
2025-11-12T18:00:19.189784+00:00 switch=1 window=79 70:ee:50:03:b8:ac->33:33:00:00:00:02 decision=dos score=0.898 is_attack=True
2025-11-12T18:00:19.932095+00:00 switch=1 window=81 d0:52:a8:00:67:5e->33:33:00:00:00:02 decision=arp score=0.952 is_attack=True
2025-11-12T18:00:20.703515+00:00 switch=1 window=82 d0:52:a8:00:67:5e->33:33:00:00:00:02 decision=arp score=0.962 is_attack=True
2025-11-12T18:00:21.532304+00:00 switch=1 window=84 08:21:ef:3b:fc:e3->33:33:00:00:00:02 decision=dos score=0.903 is_attack=True
2025-11-12T18:00:22.319362+00:00 switch=1 window=85 08:21:ef:3b:fc:e3->33:33:00:00:00:02 decision=arp score=0.904 is_attack=True
2025-11-12T18:00:23.117252+00:00 switch=1 window=87 00:62:6e:51:27:2e->33:33:00:00:00:02 decision=dos score=0.930 is_attack=True
2025-11-12T18:00:23.889349+00:00 switch=1 window=88 00:62:6e:51:27:2e->33:33:00:00:00:02 decision=dos score=0.927 is_attack=True
2025-11-12T18:00:24.633766+00:00 switch=1 window=90 00:24:e4:11:18:a8->33:33:00:00:00:02 decision=arp score=0.977 is_attack=True
2025-11-12T18:00:25.402520+00:00 switch=1 window=91 00:24:e4:11:18:a8->33:33:00:00:00:02 decision=arp score=0.965 is_attack=True
2025-11-12T18:00:26.185772+00:00 switch=1 window=93 70:ee:50:18:34:43->33:33:00:00:00:02 decision=dos score=0.931 is_attack=True
2025-11-12T18:00:26.993553+00:00 switch=1 window=94 70:ee:50:18:34:43->33:33:00:00:00:02 decision=dos score=0.931 is_attack=True
2025-11-12T18:00:27.813638+00:00 switch=1 window=96 30:8c:fb:2f:e4:b2->33:33:00:00:00:02 decision=dos score=0.912 is_attack=True
2025-11-12T18:00:28.580737+00:00 switch=1 window=97 30:8c:fb:2f:e4:b2->33:33:00:00:00:02 decision=dos score=0.924 is_attack=True
2025-11-12T18:00:29.348752+00:00 switch=1 window=99 e0:76:d0:33:bb:85->33:33:00:00:00:02 decision=arp score=0.940 is_attack=True
2025-11-12T18:00:30.804024+00:00 switch=1 window=100 00:24:e4:20:28:c6->33:33:00:00:00:02 decision=dos score=0.931 is_attack=True
2025-11-12T18:00:31.313496+00:00 switch=1 window=101 00:24:e4:20:28:c6->33:33:00:00:00:02 decision=dos score=0.931 is_attack=True
2025-11-12T18:00:34.942814+00:00 switch=1 window=106 00:24:e4:1b:6f:96->33:33:00:00:00:02 decision=dos score=0.914 is_attack=True
2025-11-12T18:00:35.601187+00:00 switch=1 window=107 00:24:e4:1b:6f:96->33:33:00:00:00:02 decision=dos score=0.927 is_attack=True
2025-11-12T18:00:39.628981+00:00 switch=1 window=114 44:65:0d:56:cc:d3->ff:ff:ff:ff:ff:ff decision=dos score=0.911 is_attack=True
2025-11-12T18:00:40.517273+00:00 switch=1 window=115 44:65:0d:56:cc:d3->ff:ff:ff:ff:ff:ff decision=arp score=0.915 is_attack=True
2025-11-12T18:00:41.395624+00:00 switch=1 window=123 b4:ce:f6:a7:a3:c2->44:65:0d:56:cc:d3 decision=arp score=0.992 is_attack=True
2025-11-12T18:00:42.257856+00:00 switch=1 window=124 b4:ce:f6:a7:a3:c2->44:65:0d:56:cc:d3 decision=arp score=0.992 is_attack=True
2025-11-12T18:00:43.037503+00:00 switch=1 window=127 44:65:0d:56:cc:d3->b4:ce:f6:a7:a3:c2 decision=arp score=0.993 is_attack=True
2025-11-12T18:00:43.840294+00:00 switch=1 window=128 44:65:0d:56:cc:d3->b4:ce:f6:a7:a3:c2 decision=arp score=0.993 is_attack=True
2025-11-12T18:00:44.632204+00:00 switch=1 window=130 44:65:0d:56:cc:d3->ff:ff:ff:ff:ff:ff decision=arp score=0.992 is_attack=True
2025-11-12T18:00:45.513277+00:00 switch=1 window=131 44:65:0d:56:cc:d3->ff:ff:ff:ff:ff:ff decision=arp score=0.991 is_attack=True
2025-11-12T18:00:46.290022+00:00 switch=1 window=133 40:f3:08:ff:1e:da->44:65:0d:56:cc:d3 decision=arp score=0.993 is_attack=True
2025-11-12T18:00:47.112857+00:00 switch=1 window=134 40:f3:08:ff:1e:da->44:65:0d:56:cc:d3 decision=arp score=0.993 is_attack=True
2025-11-12T18:00:47.899185+00:00 switch=1 window=137 40:f3:08:ff:1e:da->44:65:0d:56:cc:d3 decision=arp score=0.993 is_attack=True
2025-11-12T18:00:48.733334+00:00 switch=1 window=138 40:f3:08:ff:1e:da->44:65:0d:56:cc:d3 decision=arp score=0.993 is_attack=True
2025-11-12T18:00:49.537880+00:00 switch=1 window=140 ec:1a:59:83:28:11->44:65:0d:56:cc:d3 decision=arp score=0.993 is_attack=True
2025-11-12T18:00:50.395081+00:00 switch=1 window=141 ec:1a:59:83:28:11->44:65:0d:56:cc:d3 decision=arp score=0.993 is_attack=True
2025-11-12T18:00:51.172316+00:00 switch=1 window=143 44:65:0d:56:cc:d3->ff:ff:ff:ff:ff:ff decision=arp score=0.993 is_attack=True
2025-11-12T18:00:51.747539+00:00 switch=1 window=144 44:65:0d:56:cc:d3->ff:ff:ff:ff:ff:ff decision=arp score=0.993 is_attack=True
2025-11-12T18:00:52.533950+00:00 switch=1 window=146 ec:1a:59:79:f4:89->44:65:0d:56:cc:d3 decision=arp score=0.993 is_attack=True
2025-11-12T18:00:53.332610+00:00 switch=1 window=147 ec:1a:59:79:f4:89->44:65:0d:56:cc:d3 decision=arp score=0.993 is_attack=True
2025-11-12T18:00:54.094872+00:00 switch=1 window=149 44:65:0d:56:cc:d3->ec:1a:59:79:f4:89 decision=arp score=0.993 is_attack=True
2025-11-12T18:00:54.896516+00:00 switch=1 window=150 44:65:0d:56:cc:d3->ec:1a:59:79:f4:89 decision=arp score=0.993 is_attack=True
2025-11-12T18:00:55.807019+00:00 switch=1 window=152 44:65:0d:56:cc:d3->ff:ff:ff:ff:ff:ff decision=arp score=0.993 is_attack=True
2025-11-12T18:00:56.594078+00:00 switch=1 window=153 44:65:0d:56:cc:d3->ff:ff:ff:ff:ff:ff decision=arp score=0.993 is_attack=True
2025-11-12T18:00:57.383759+00:00 switch=1 window=155 74:6a:89:00:2e:25->44:65:0d:56:cc:d3 decision=arp score=0.993 is_attack=True
2025-11-12T18:00:58.163300+00:00 switch=1 window=156 74:6a:89:00:2e:25->44:65:0d:56:cc:d3 decision=arp score=0.993 is_attack=True
2025-11-12T18:00:58.959913+00:00 switch=1 window=159 74:6a:89:00:2e:25->44:65:0d:56:cc:d3 decision=arp score=0.993 is_attack=True
2025-11-12T18:00:59.738000+00:00 switch=1 window=160 74:6a:89:00:2e:25->44:65:0d:56:cc:d3 decision=arp score=0.993 is_attack=True
2025-11-12T18:01:00.429340+00:00 switch=1 window=162 30:8c:fb:2f:e4:b2->44:65:0d:56:cc:d3 decision=arp score=0.993 is_attack=True
2025-11-12T18:01:00.655335+00:00 switch=1 window=163 30:8c:fb:2f:e4:b2->44:65:0d:56:cc:d3 decision=arp score=0.993 is_attack=True
2025-11-12T18:01:01.451576+00:00 switch=1 window=165 44:65:0d:56:cc:d3->ff:ff:ff:ff:ff:ff decision=arp score=0.993 is_attack=True
2025-11-12T18:01:02.246962+00:00 switch=1 window=166 44:65:0d:56:cc:d3->ff:ff:ff:ff:ff:ff decision=arp score=0.993 is_attack=True
2025-11-12T18:01:03.037952+00:00 switch=1 window=167 14:cc:20:51:33:ea->44:65:0d:56:cc:d3 decision=arp score=0.993 is_attack=True
2025-11-12T18:01:03.911900+00:00 switch=1 window=168 14:cc:20:51:33:ea->44:65:0d:56:cc:d3 decision=arp score=0.993 is_attack=True
2025-11-12T18:01:04.712588+00:00 switch=1 window=170 44:65:0d:56:cc:d3->14:cc:20:51:33:ea decision=arp score=0.993 is_attack=True
2025-11-12T18:01:05.589044+00:00 switch=1 window=171 44:65:0d:56:cc:d3->14:cc:20:51:33:ea decision=arp score=0.993 is_attack=True
2025-11-12T18:01:06.370995+00:00 switch=1 window=173 44:65:0d:56:cc:d3->ff:ff:ff:ff:ff:ff decision=arp score=0.993 is_attack=True
2025-11-12T18:01:07.159224+00:00 switch=1 window=174 44:65:0d:56:cc:d3->ff:ff:ff:ff:ff:ff decision=arp score=0.993 is_attack=True
2025-11-12T18:01:10.012444+00:00 switch=1 window=182 44:65:0d:56:cc:d3->74:c6:3b:29:d7:1d decision=arp score=0.993 is_attack=True
2025-11-12T18:01:10.995144+00:00 switch=1 window=183 44:65:0d:56:cc:d3->ff:ff:ff:ff:ff:ff decision=arp score=0.993 is_attack=True
2025-11-12T18:01:11.784126+00:00 switch=1 window=184 44:65:0d:56:cc:d3->ff:ff:ff:ff:ff:ff decision=arp score=0.993 is_attack=True
2025-11-12T18:01:12.572503+00:00 switch=1 window=186 e8:ab:fa:19:de:4f->44:65:0d:56:cc:d3 decision=arp score=0.993 is_attack=True
2025-11-12T18:01:13.336991+00:00 switch=1 window=187 e8:ab:fa:19:de:4f->44:65:0d:56:cc:d3 decision=arp score=0.993 is_attack=True
2025-11-12T18:01:14.127485+00:00 switch=1 window=189 44:65:0d:56:cc:d3->ff:ff:ff:ff:ff:ff decision=arp score=0.993 is_attack=True
2025-11-12T18:01:14.904173+00:00 switch=1 window=190 44:65:0d:56:cc:d3->ff:ff:ff:ff:ff:ff decision=arp score=0.993 is_attack=True
2025-11-12T18:01:15.686478+00:00 switch=1 window=192 00:62:6e:51:27:2e->44:65:0d:56:cc:d3 decision=arp score=0.993 is_attack=True
2025-11-12T18:01:16.877306+00:00 switch=1 window=193 00:62:6e:51:27:2e->44:65:0d:56:cc:d3 decision=arp score=0.993 is_attack=True
2025-11-12T18:01:18.411958+00:00 switch=1 window=195 00:62:6e:51:27:2e->44:65:0d:56:cc:d3 decision=arp score=0.993 is_attack=True
2025-11-12T18:01:20.108666+00:00 switch=1 window=196 00:62:6e:51:27:2e->44:65:0d:56:cc:d3 decision=arp score=0.993 is_attack=True
2025-11-12T18:10:39.664894+00:00 switch=1 window=0 70:ee:50:18:34:43->33:33:00:00:00:16 decision=dos score=0.931 is_attack=True
2025-11-12T18:10:40.461669+00:00 switch=1 window=1 70:ee:50:18:34:43->33:33:00:00:00:02 decision=dos score=0.931 is_attack=True
2025-11-12T18:10:41.202273+00:00 switch=1 window=2 d0:52:a8:00:67:5e->33:33:00:00:00:02 decision=dos score=0.930 is_attack=True
2025-11-12T18:10:41.541701+00:00 switch=1 window=3 40:f3:08:ff:1e:da->33:33:00:00:00:02 decision=dos score=0.931 is_attack=True
2025-11-12T18:10:42.142330+00:00 switch=1 window=4 40:f3:08:ff:1e:da->33:33:00:00:00:02 decision=dos score=0.931 is_attack=True
2025-11-12T18:10:42.973014+00:00 switch=1 window=5 44:65:0d:56:cc:d3->33:33:00:00:00:02 decision=dos score=0.870 is_attack=True
2025-11-12T18:10:43.706454+00:00 switch=1 window=6 44:65:0d:56:cc:d3->33:33:00:00:00:02 decision=dos score=0.853 is_attack=True
2025-11-12T18:10:44.327883+00:00 switch=1 window=7 74:2f:68:81:69:42->33:33:00:00:00:02 decision=dos score=0.931 is_attack=True
2025-11-12T18:10:45.025324+00:00 switch=1 window=8 74:2f:68:81:69:42->33:33:00:00:00:02 decision=dos score=0.929 is_attack=True
2025-11-12T18:10:45.845597+00:00 switch=1 window=10 d0:a6:37:df:a1:e1->33:33:00:00:00:02 decision=dos score=0.920 is_attack=True
2025-11-12T18:10:46.383552+00:00 switch=1 window=11 d0:a6:37:df:a1:e1->33:33:00:00:00:02 decision=dos score=0.908 is_attack=True
2025-11-12T18:10:46.608263+00:00 switch=1 window=13 e0:76:d0:33:bb:85->33:33:00:00:00:02 decision=dos score=0.931 is_attack=True
2025-11-12T18:10:47.389580+00:00 switch=1 window=14 e0:76:d0:33:bb:85->33:33:00:00:00:02 decision=dos score=0.931 is_attack=True
2025-11-12T18:10:47.772723+00:00 switch=1 window=15 30:8c:fb:2f:e4:b2->14:cc:20:51:33:ea decision=dos score=0.930 is_attack=True
2025-11-12T18:10:47.934322+00:00 switch=1 window=16 30:8c:fb:2f:e4:b2->14:cc:20:51:33:ea decision=dos score=0.930 is_attack=True
2025-11-12T18:10:48.272125+00:00 switch=1 window=17 14:cc:20:51:33:ea->30:8c:fb:2f:e4:b2 decision=dos score=0.815 is_attack=True
2025-11-12T18:10:49.290701+00:00 switch=1 window=18 e8:ab:fa:19:de:4f->33:33:00:00:00:02 decision=dos score=0.829 is_attack=True
2025-11-12T18:10:50.015218+00:00 switch=1 window=19 e8:ab:fa:19:de:4f->33:33:00:00:00:02 decision=dos score=0.908 is_attack=True
2025-11-12T18:10:51.062243+00:00 switch=1 window=20 ac:bc:32:d4:6f:2f->33:33:00:00:00:02 decision=dos score=0.912 is_attack=True
2025-11-12T18:10:51.290055+00:00 switch=1 window=21 ac:bc:32:d4:6f:2f->33:33:00:00:00:02 decision=dos score=0.923 is_attack=True
2025-11-12T18:10:51.598777+00:00 switch=1 window=23 14:cc:20:51:33:ea->e0:76:d0:3f:00:ae decision=dos score=0.713 is_attack=True
2025-11-12T18:10:51.797666+00:00 switch=1 window=24 14:cc:20:51:33:ea->e0:76:d0:3f:00:ae decision=dos score=0.931 is_attack=True
2025-11-12T18:10:52.078555+00:00 switch=1 window=25 70:5a:0f:e4:9b:c0->33:33:00:00:00:02 decision=dos score=0.842 is_attack=True
2025-11-12T18:10:52.326671+00:00 switch=1 window=26 14:cc:20:51:33:ea->01:00:5e:7f:ff:fa decision=dos score=0.931 is_attack=True
2025-11-12T18:10:52.722246+00:00 switch=1 window=27 14:cc:20:51:33:ea->33:33:00:00:00:0c decision=dos score=0.931 is_attack=True
2025-11-12T18:10:53.150328+00:00 switch=1 window=28 00:16:6c:ab:6b:88->14:cc:20:51:33:ea decision=dos score=0.931 is_attack=True
2025-11-12T18:10:53.877217+00:00 switch=1 window=29 f4:f5:d8:d4:eb:12->14:cc:20:51:33:ea decision=dos score=0.931 is_attack=True
2025-11-12T18:11:04.185530+00:00 switch=1 window=30 ac:bc:32:d4:6f:2f->33:33:00:00:00:02 decision=dos score=0.860 is_attack=True
2025-11-12T18:11:04.970073+00:00 switch=1 window=31 ac:bc:32:d4:6f:2f->33:33:00:00:00:02 decision=arp score=0.892 is_attack=True
2025-11-12T18:11:05.789977+00:00 switch=1 window=49 00:62:6e:51:27:2e->33:33:00:00:00:02 decision=arp score=0.902 is_attack=True
2025-11-12T18:11:06.476305+00:00 switch=1 window=50 00:62:6e:51:27:2e->33:33:00:00:00:02 decision=dos score=0.904 is_attack=True
2025-11-12T18:11:07.216101+00:00 switch=1 window=52 70:5a:0f:e4:9b:c0->33:33:00:00:00:02 decision=dos score=0.931 is_attack=True
2025-11-12T18:11:07.986684+00:00 switch=1 window=53 70:5a:0f:e4:9b:c0->33:33:00:00:00:02 decision=dos score=0.931 is_attack=True
2025-11-12T18:11:08.703691+00:00 switch=1 window=55 18:b7:9e:02:20:44->33:33:00:00:00:02 decision=dos score=0.931 is_attack=True
2025-11-12T18:11:09.488642+00:00 switch=1 window=56 00:24:e4:1b:6f:96->33:33:00:00:00:02 decision=dos score=0.931 is_attack=True
2025-11-12T18:11:10.208852+00:00 switch=1 window=57 00:24:e4:1b:6f:96->33:33:00:00:00:02 decision=dos score=0.931 is_attack=True
2025-11-12T18:11:10.719226+00:00 switch=1 window=60 00:24:e4:11:18:a8->33:33:00:00:00:02 decision=dos score=0.931 is_attack=True
2025-11-12T18:11:11.432037+00:00 switch=1 window=61 00:24:e4:11:18:a8->33:33:00:00:00:02 decision=dos score=0.931 is_attack=True
2025-11-12T18:11:33.272343+00:00 switch=1 window=63 ac:bc:32:d4:6f:2f->33:33:00:00:00:02 decision=dos score=0.931 is_attack=True
2025-11-12T18:11:34.051924+00:00 switch=1 window=64 ac:bc:32:d4:6f:2f->33:33:00:00:00:02 decision=dos score=0.931 is_attack=True
2025-11-12T18:11:34.874046+00:00 switch=1 window=108 d0:73:d5:01:83:08->33:33:00:00:00:02 decision=arp score=0.962 is_attack=True
2025-11-12T18:11:35.502057+00:00 switch=1 window=109 d0:73:d5:01:83:08->33:33:00:00:00:02 decision=arp score=0.984 is_attack=True
2025-11-12T18:11:36.300865+00:00 switch=1 window=111 e8:ab:fa:19:de:4f->33:33:00:00:00:02 decision=dos score=0.905 is_attack=True
2025-11-12T18:11:36.985262+00:00 switch=1 window=112 e8:ab:fa:19:de:4f->33:33:00:00:00:02 decision=dos score=0.920 is_attack=True
2025-11-12T18:11:37.790961+00:00 switch=1 window=114 14:cc:20:51:33:ea->33:33:00:00:00:02 decision=dos score=0.930 is_attack=True
2025-11-12T18:11:38.581141+00:00 switch=1 window=115 14:cc:20:51:33:ea->33:33:00:00:00:02 decision=dos score=0.931 is_attack=True
2025-11-12T18:11:39.399699+00:00 switch=1 window=116 00:24:e4:20:28:c6->33:33:00:00:00:02 decision=arp score=0.962 is_attack=True
2025-11-12T18:11:40.217606+00:00 switch=1 window=117 18:b4:30:25:be:e4->33:33:00:00:00:02 decision=dos score=0.930 is_attack=True
2025-11-12T18:11:40.873789+00:00 switch=1 window=118 18:b4:30:25:be:e4->33:33:00:00:00:02 decision=dos score=0.931 is_attack=True
2025-11-12T18:11:41.691817+00:00 switch=1 window=121 70:ee:50:03:b8:ac->33:33:00:00:00:02 decision=dos score=0.931 is_attack=True
2025-11-12T18:11:42.480491+00:00 switch=1 window=122 70:ee:50:03:b8:ac->33:33:00:00:00:02 decision=dos score=0.931 is_attack=True
2025-11-12T18:11:43.213840+00:00 switch=1 window=124 08:21:ef:3b:fc:e3->33:33:00:00:00:02 decision=dos score=0.931 is_attack=True
2025-11-12T18:11:43.997175+00:00 switch=1 window=125 08:21:ef:3b:fc:e3->33:33:00:00:00:02 decision=dos score=0.931 is_attack=True
2025-11-12T18:11:46.627466+00:00 switch=1 window=127 50:c7:bf:00:56:39->33:33:00:00:00:02 decision=dos score=0.916 is_attack=True
2025-11-12T18:11:47.410966+00:00 switch=1 window=128 50:c7:bf:00:56:39->33:33:00:00:00:02 decision=dos score=0.925 is_attack=True
2025-11-12T18:11:53.575377+00:00 switch=1 window=134 44:65:0d:56:cc:d3->b4:ce:f6:a7:a3:c2 decision=dos score=0.931 is_attack=True
2025-11-12T18:11:54.390337+00:00 switch=1 window=135 44:65:0d:56:cc:d3->b4:ce:f6:a7:a3:c2 decision=dos score=0.931 is_attack=True
2025-11-12T18:11:55.245472+00:00 switch=1 window=148 b4:ce:f6:a7:a3:c2->44:65:0d:56:cc:d3 decision=dos score=0.899 is_attack=True
2025-11-12T18:11:56.058245+00:00 switch=1 window=149 b4:ce:f6:a7:a3:c2->44:65:0d:56:cc:d3 decision=dos score=0.900 is_attack=True
2025-11-12T18:11:56.690852+00:00 switch=1 window=151 44:65:0d:56:cc:d3->40:f3:08:ff:1e:da decision=dos score=0.898 is_attack=True
2025-11-12T18:11:57.465154+00:00 switch=1 window=152 44:65:0d:56:cc:d3->40:f3:08:ff:1e:da decision=dos score=0.900 is_attack=True
2025-11-12T18:11:58.396507+00:00 switch=1 window=155 40:f3:08:ff:1e:da->44:65:0d:56:cc:d3 decision=arp score=0.979 is_attack=True
2025-11-12T18:11:59.165572+00:00 switch=1 window=156 40:f3:08:ff:1e:da->44:65:0d:56:cc:d3 decision=arp score=0.978 is_attack=True
2025-11-12T18:11:59.587481+00:00 switch=1 window=157 44:65:0d:56:cc:d3->ec:1a:59:83:28:11 decision=arp score=0.916 is_attack=True
2025-11-12T18:12:00.357848+00:00 switch=1 window=158 44:65:0d:56:cc:d3->ec:1a:59:83:28:11 decision=arp score=0.922 is_attack=True
2025-11-12T18:12:01.148387+00:00 switch=1 window=161 ec:1a:59:83:28:11->44:65:0d:56:cc:d3 decision=arp score=0.965 is_attack=True
2025-11-12T18:12:01.925895+00:00 switch=1 window=162 ec:1a:59:83:28:11->44:65:0d:56:cc:d3 decision=arp score=0.985 is_attack=True
2025-11-12T18:12:02.729530+00:00 switch=1 window=163 44:65:0d:56:cc:d3->ec:1a:59:79:f4:89 decision=arp score=0.978 is_attack=True
2025-11-12T18:12:03.551323+00:00 switch=1 window=164 44:65:0d:56:cc:d3->ec:1a:59:79:f4:89 decision=arp score=0.982 is_attack=True
2025-11-12T18:12:04.337723+00:00 switch=1 window=166 ec:1a:59:79:f4:89->44:65:0d:56:cc:d3 decision=arp score=0.982 is_attack=True
2025-11-12T18:12:05.206359+00:00 switch=1 window=167 ec:1a:59:79:f4:89->44:65:0d:56:cc:d3 decision=arp score=0.975 is_attack=True
2025-11-12T18:12:05.999271+00:00 switch=1 window=170 44:65:0d:56:cc:d3->74:6a:89:00:2e:25 decision=arp score=0.991 is_attack=True
2025-11-12T18:12:06.772812+00:00 switch=1 window=171 44:65:0d:56:cc:d3->74:6a:89:00:2e:25 decision=arp score=0.991 is_attack=True
2025-11-12T18:12:07.565290+00:00 switch=1 window=173 74:6a:89:00:2e:25->44:65:0d:56:cc:d3 decision=arp score=0.987 is_attack=True
2025-11-12T18:12:07.856253+00:00 switch=1 window=174 74:6a:89:00:2e:25->44:65:0d:56:cc:d3 decision=arp score=0.991 is_attack=True
2025-11-12T18:12:08.664417+00:00 switch=1 window=176 44:65:0d:56:cc:d3->30:8c:fb:2f:e4:b2 decision=arp score=0.990 is_attack=True
2025-11-12T18:12:09.428284+00:00 switch=1 window=177 44:65:0d:56:cc:d3->30:8c:fb:2f:e4:b2 decision=arp score=0.990 is_attack=True
2025-11-12T18:12:10.354544+00:00 switch=1 window=178 30:8c:fb:2f:e4:b2->44:65:0d:56:cc:d3 decision=arp score=0.991 is_attack=True
2025-11-12T18:12:11.029274+00:00 switch=1 window=179 30:8c:fb:2f:e4:b2->44:65:0d:56:cc:d3 decision=arp score=0.991 is_attack=True
2025-11-12T18:12:11.807646+00:00 switch=1 window=181 44:65:0d:56:cc:d3->14:cc:20:51:33:ea decision=arp score=0.990 is_attack=True
2025-11-12T18:12:12.579385+00:00 switch=1 window=182 44:65:0d:56:cc:d3->14:cc:20:51:33:ea decision=arp score=0.990 is_attack=True
2025-11-12T18:12:13.385321+00:00 switch=1 window=185 14:cc:20:51:33:ea->44:65:0d:56:cc:d3 decision=arp score=0.992 is_attack=True
2025-11-12T18:12:14.164870+00:00 switch=1 window=186 14:cc:20:51:33:ea->44:65:0d:56:cc:d3 decision=arp score=0.993 is_attack=True
2025-11-12T18:12:15.002021+00:00 switch=1 window=188 44:65:0d:56:cc:d3->70:5a:0f:e4:9b:c0 decision=arp score=0.993 is_attack=True
2025-11-12T18:12:15.465240+00:00 switch=1 window=189 44:65:0d:56:cc:d3->70:5a:0f:e4:9b:c0 decision=arp score=0.993 is_attack=True
2025-11-12T18:12:16.313284+00:00 switch=1 window=191 70:5a:0f:e4:9b:c0->44:65:0d:56:cc:d3 decision=arp score=0.992 is_attack=True
2025-11-12T18:12:17.000947+00:00 switch=1 window=192 70:5a:0f:e4:9b:c0->44:65:0d:56:cc:d3 decision=arp score=0.992 is_attack=True
2025-11-12T18:12:17.812584+00:00 switch=1 window=193 44:65:0d:56:cc:d3->74:c6:3b:29:d7:1d decision=arp score=0.991 is_attack=True
2025-11-12T18:12:18.610137+00:00 switch=1 window=194 44:65:0d:56:cc:d3->74:c6:3b:29:d7:1d decision=arp score=0.991 is_attack=True
2025-11-12T18:12:19.406497+00:00 switch=1 window=197 74:c6:3b:29:d7:1d->44:65:0d:56:cc:d3 decision=arp score=0.993 is_attack=True
2025-11-12T18:12:20.144329+00:00 switch=1 window=198 74:c6:3b:29:d7:1d->44:65:0d:56:cc:d3 decision=arp score=0.993 is_attack=True
2025-11-12T18:12:20.677643+00:00 switch=1 window=200 44:65:0d:56:cc:d3->e8:ab:fa:19:de:4f decision=arp score=0.993 is_attack=True
2025-11-12T18:12:21.462170+00:00 switch=1 window=201 44:65:0d:56:cc:d3->e8:ab:fa:19:de:4f decision=arp score=0.993 is_attack=True
2025-11-12T18:12:22.251703+00:00 switch=1 window=203 e8:ab:fa:19:de:4f->44:65:0d:56:cc:d3 decision=arp score=0.992 is_attack=True
2025-11-12T18:12:23.067365+00:00 switch=1 window=204 e8:ab:fa:19:de:4f->44:65:0d:56:cc:d3 decision=arp score=0.992 is_attack=True
2025-11-12T18:12:23.869172+00:00 switch=1 window=205 44:65:0d:56:cc:d3->00:62:6e:51:27:2e decision=arp score=0.991 is_attack=True
2025-11-12T18:12:24.681211+00:00 switch=1 window=206 44:65:0d:56:cc:d3->00:62:6e:51:27:2e decision=arp score=0.991 is_attack=True
2025-11-12T18:12:25.512273+00:00 switch=1 window=209 00:62:6e:51:27:2e->44:65:0d:56:cc:d3 decision=arp score=0.993 is_attack=True
2025-11-12T18:12:26.280545+00:00 switch=1 window=210 00:62:6e:51:27:2e->44:65:0d:56:cc:d3 decision=arp score=0.993 is_attack=True
2025-11-12T18:12:27.060092+00:00 switch=1 window=212 44:65:0d:56:cc:d3->d0:a6:37:df:a1:e1 decision=arp score=0.992 is_attack=True
2025-11-12T18:12:27.856604+00:00 switch=1 window=213 44:65:0d:56:cc:d3->d0:a6:37:df:a1:e1 decision=arp score=0.992 is_attack=True
2025-11-12T18:12:28.663202+00:00 switch=1 window=215 d0:a6:37:df:a1:e1->44:65:0d:56:cc:d3 decision=arp score=0.992 is_attack=True
2025-11-12T18:12:29.438210+00:00 switch=1 window=216 d0:a6:37:df:a1:e1->44:65:0d:56:cc:d3 decision=arp score=0.992 is_attack=True
2025-11-12T18:12:30.293981+00:00 switch=1 window=218 44:65:0d:56:cc:d3->74:2f:68:81:69:42 decision=arp score=0.992 is_attack=True
2025-11-12T18:12:31.109249+00:00 switch=1 window=219 44:65:0d:56:cc:d3->74:2f:68:81:69:42 decision=arp score=0.992 is_attack=True
2025-11-12T18:12:31.905960+00:00 switch=1 window=221 74:2f:68:81:69:42->44:65:0d:56:cc:d3 decision=arp score=0.991 is_attack=True
2025-11-12T18:12:32.686248+00:00 switch=1 window=222 74:2f:68:81:69:42->44:65:0d:56:cc:d3 decision=arp score=0.991 is_attack=True
2025-11-12T18:12:33.523251+00:00 switch=1 window=225 44:65:0d:56:cc:d3->d0:73:d5:01:83:08 decision=arp score=0.922 is_attack=True
2025-11-12T18:12:34.293259+00:00 switch=1 window=226 44:65:0d:56:cc:d3->d0:73:d5:01:83:08 decision=arp score=0.896 is_attack=True
2025-11-12T18:12:34.965072+00:00 switch=1 window=228 d0:73:d5:01:83:08->44:65:0d:56:cc:d3 decision=arp score=0.991 is_attack=True
2025-11-12T18:12:35.786600+00:00 switch=1 window=229 d0:73:d5:01:83:08->44:65:0d:56:cc:d3 decision=arp score=0.992 is_attack=True
2025-11-12T18:12:36.593140+00:00 switch=1 window=231 44:65:0d:56:cc:d3->ac:bc:32:d4:6f:2f decision=arp score=0.992 is_attack=True
2025-11-12T18:12:37.325474+00:00 switch=1 window=232 44:65:0d:56:cc:d3->ac:bc:32:d4:6f:2f decision=arp score=0.992 is_attack=True
2025-11-12T18:12:38.175201+00:00 switch=1 window=234 ac:bc:32:d4:6f:2f->44:65:0d:56:cc:d3 decision=dos score=0.931 is_attack=True
2025-11-12T18:12:38.956978+00:00 switch=1 window=235 ac:bc:32:d4:6f:2f->44:65:0d:56:cc:d3 decision=dos score=0.931 is_attack=True
2025-11-12T18:12:39.647437+00:00 switch=1 window=237 44:65:0d:56:cc:d3->f4:5c:89:93:cc:85 decision=arp score=0.991 is_attack=True
2025-11-12T18:12:40.294358+00:00 switch=1 window=238 44:65:0d:56:cc:d3->f4:5c:89:93:cc:85 decision=arp score=0.990 is_attack=True
2025-11-12T18:12:41.104029+00:00 switch=1 window=240 f4:5c:89:93:cc:85->44:65:0d:56:cc:d3 decision=arp score=0.989 is_attack=True
2025-11-12T18:12:41.878820+00:00 switch=1 window=241 f4:5c:89:93:cc:85->44:65:0d:56:cc:d3 decision=arp score=0.990 is_attack=True
2025-11-12T18:12:42.670343+00:00 switch=1 window=243 44:65:0d:56:cc:d3->30:8c:fb:b6:ea:45 decision=dos score=0.931 is_attack=True
2025-11-12T18:12:43.531443+00:00 switch=1 window=244 44:65:0d:56:cc:d3->30:8c:fb:b6:ea:45 decision=dos score=0.931 is_attack=True
2025-11-12T18:12:43.971598+00:00 switch=1 window=246 30:8c:fb:b6:ea:45->44:65:0d:56:cc:d3 decision=arp score=0.985 is_attack=True
2025-11-12T18:12:44.732319+00:00 switch=1 window=247 30:8c:fb:b6:ea:45->44:65:0d:56:cc:d3 decision=arp score=0.986 is_attack=True
2025-11-12T18:12:45.597925+00:00 switch=1 window=250 44:65:0d:56:cc:d3->18:b4:30:25:be:e4 decision=dos score=0.909 is_attack=True
2025-11-12T18:12:46.377042+00:00 switch=1 window=251 44:65:0d:56:cc:d3->18:b4:30:25:be:e4 decision=dos score=0.931 is_attack=True
2025-11-12T18:12:47.160981+00:00 switch=1 window=252 18:b4:30:25:be:e4->44:65:0d:56:cc:d3 decision=arp score=0.988 is_attack=True
2025-11-12T18:12:47.975320+00:00 switch=1 window=253 18:b4:30:25:be:e4->44:65:0d:56:cc:d3 decision=arp score=0.989 is_attack=True
2025-11-12T18:12:48.758594+00:00 switch=1 window=255 44:65:0d:56:cc:d3->70:ee:50:03:b8:ac decision=arp score=0.983 is_attack=True
2025-11-12T18:12:49.564091+00:00 switch=1 window=256 44:65:0d:56:cc:d3->70:ee:50:03:b8:ac decision=arp score=0.985 is_attack=True
2025-11-12T18:12:50.125868+00:00 switch=1 window=258 70:ee:50:03:b8:ac->33:33:00:00:00:02 decision=arp score=0.867 is_attack=True
2025-11-12T18:12:50.955888+00:00 switch=1 window=259 70:ee:50:03:b8:ac->44:65:0d:56:cc:d3 decision=dos score=0.924 is_attack=True
2025-11-12T18:12:51.752878+00:00 switch=1 window=260 70:ee:50:03:b8:ac->44:65:0d:56:cc:d3 decision=arp score=0.989 is_attack=True
2025-11-12T18:12:52.546337+00:00 switch=1 window=263 44:65:0d:56:cc:d3->70:ee:50:18:34:43 decision=arp score=0.986 is_attack=True
2025-11-12T18:12:53.381543+00:00 switch=1 window=264 44:65:0d:56:cc:d3->70:ee:50:18:34:43 decision=arp score=0.989 is_attack=True
2025-11-12T18:12:54.174838+00:00 switch=1 window=266 70:ee:50:18:34:43->44:65:0d:56:cc:d3 decision=dos score=0.907 is_attack=True
2025-11-12T18:12:54.937391+00:00 switch=1 window=267 70:ee:50:18:34:43->44:65:0d:56:cc:d3 decision=dos score=0.920 is_attack=True
2025-11-12T18:12:55.764792+00:00 switch=1 window=269 44:65:0d:56:cc:d3->e0:76:d0:33:bb:85 decision=arp score=0.970 is_attack=True
2025-11-12T18:12:56.488129+00:00 switch=1 window=270 44:65:0d:56:cc:d3->e0:76:d0:33:bb:85 decision=arp score=0.978 is_attack=True
2025-11-12T18:12:57.284426+00:00 switch=1 window=272 e0:76:d0:33:bb:85->44:65:0d:56:cc:d3 decision=arp score=0.982 is_attack=True
2025-11-12T18:12:58.098878+00:00 switch=1 window=273 e0:76:d0:33:bb:85->44:65:0d:56:cc:d3 decision=arp score=0.982 is_attack=True
2025-11-12T18:12:58.919017+00:00 switch=1 window=275 44:65:0d:56:cc:d3->08:21:ef:3b:fc:e3 decision=arp score=0.983 is_attack=True
2025-11-12T18:12:59.749391+00:00 switch=1 window=276 44:65:0d:56:cc:d3->08:21:ef:3b:fc:e3 decision=arp score=0.984 is_attack=True
2025-11-12T18:13:00.637006+00:00 switch=1 window=279 08:21:ef:3b:fc:e3->44:65:0d:56:cc:d3 decision=arp score=0.992 is_attack=True
2025-11-12T18:13:01.363479+00:00 switch=1 window=280 08:21:ef:3b:fc:e3->44:65:0d:56:cc:d3 decision=arp score=0.992 is_attack=True
2025-11-12T18:13:02.152500+00:00 switch=1 window=282 44:65:0d:56:cc:d3->00:16:6c:ab:6b:88 decision=dos score=0.923 is_attack=True
2025-11-12T18:13:02.988316+00:00 switch=1 window=283 44:65:0d:56:cc:d3->00:16:6c:ab:6b:88 decision=dos score=0.926 is_attack=True
2025-11-12T18:13:03.813886+00:00 switch=1 window=285 00:16:6c:ab:6b:88->44:65:0d:56:cc:d3 decision=arp score=0.989 is_attack=True
2025-11-12T18:13:04.606302+00:00 switch=1 window=286 00:16:6c:ab:6b:88->44:65:0d:56:cc:d3 decision=arp score=0.988 is_attack=True
2025-11-12T18:13:05.539060+00:00 switch=1 window=288 44:65:0d:56:cc:d3->d0:52:a8:00:67:5e decision=arp score=0.985 is_attack=True
2025-11-12T18:13:06.321947+00:00 switch=1 window=289 44:65:0d:56:cc:d3->d0:52:a8:00:67:5e decision=arp score=0.987 is_attack=True
2025-11-12T18:13:07.116594+00:00 switch=1 window=292 d0:52:a8:00:67:5e->44:65:0d:56:cc:d3 decision=arp score=0.992 is_attack=True
2025-11-12T18:13:07.920861+00:00 switch=1 window=293 d0:52:a8:00:67:5e->44:65:0d:56:cc:d3 decision=arp score=0.992 is_attack=True
2025-11-12T18:13:08.382492+00:00 switch=1 window=295 44:65:0d:56:cc:d3->50:c7:bf:00:56:39 decision=arp score=0.990 is_attack=True
2025-11-12T18:13:09.160683+00:00 switch=1 window=296 44:65:0d:56:cc:d3->50:c7:bf:00:56:39 decision=arp score=0.990 is_attack=True
2025-11-12T18:13:10.024180+00:00 switch=1 window=298 50:c7:bf:00:56:39->44:65:0d:56:cc:d3 decision=arp score=0.989 is_attack=True
2025-11-12T18:13:10.585209+00:00 switch=1 window=299 50:c7:bf:00:56:39->44:65:0d:56:cc:d3 decision=arp score=0.990 is_attack=True
2025-11-12T18:13:11.353228+00:00 switch=1 window=301 44:65:0d:56:cc:d3->f4:f2:6d:93:51:f1 decision=arp score=0.991 is_attack=True
2025-11-12T18:13:12.098214+00:00 switch=1 window=302 44:65:0d:56:cc:d3->f4:f2:6d:93:51:f1 decision=arp score=0.992 is_attack=True
2025-11-12T18:13:12.900543+00:00 switch=1 window=304 f4:f2:6d:93:51:f1->44:65:0d:56:cc:d3 decision=arp score=0.992 is_attack=True
2025-11-12T18:13:13.611679+00:00 switch=1 window=305 f4:f2:6d:93:51:f1->44:65:0d:56:cc:d3 decision=arp score=0.992 is_attack=True
2025-11-12T18:13:14.416476+00:00 switch=1 window=307 44:65:0d:56:cc:d3->18:b7:9e:02:20:44 decision=arp score=0.992 is_attack=True
2025-11-12T18:13:15.299704+00:00 switch=1 window=308 44:65:0d:56:cc:d3->18:b7:9e:02:20:44 decision=arp score=0.992 is_attack=True
2025-11-12T18:13:16.055595+00:00 switch=1 window=310 18:b7:9e:02:20:44->44:65:0d:56:cc:d3 decision=arp score=0.992 is_attack=True
2025-11-12T18:13:16.826977+00:00 switch=1 window=311 18:b7:9e:02:20:44->44:65:0d:56:cc:d3 decision=arp score=0.992 is_attack=True
2025-11-12T18:13:17.612137+00:00 switch=1 window=313 44:65:0d:56:cc:d3->00:24:e4:1b:6f:96 decision=arp score=0.992 is_attack=True
2025-11-12T18:13:18.532235+00:00 switch=1 window=314 44:65:0d:56:cc:d3->00:24:e4:1b:6f:96 decision=arp score=0.992 is_attack=True
2025-11-12T18:13:19.294303+00:00 switch=1 window=316 00:24:e4:1b:6f:96->44:65:0d:56:cc:d3 decision=arp score=0.992 is_attack=True
2025-11-12T18:13:20.172354+00:00 switch=1 window=317 00:24:e4:1b:6f:96->44:65:0d:56:cc:d3 decision=arp score=0.992 is_attack=True
2025-11-12T18:13:20.967899+00:00 switch=1 window=320 44:65:0d:56:cc:d3->00:24:e4:20:28:c6 decision=arp score=0.993 is_attack=True
2025-11-12T18:13:21.742511+00:00 switch=1 window=321 44:65:0d:56:cc:d3->00:24:e4:20:28:c6 decision=arp score=0.993 is_attack=True
2025-11-12T18:13:22.529732+00:00 switch=1 window=323 00:24:e4:20:28:c6->44:65:0d:56:cc:d3 decision=arp score=0.992 is_attack=True
2025-11-12T18:13:22.873753+00:00 switch=1 window=324 00:24:e4:20:28:c6->44:65:0d:56:cc:d3 decision=arp score=0.992 is_attack=True
2025-11-12T18:13:23.681105+00:00 switch=1 window=326 44:65:0d:56:cc:d3->00:24:e4:11:18:a8 decision=arp score=0.992 is_attack=True
2025-11-12T18:13:24.367196+00:00 switch=1 window=327 44:65:0d:56:cc:d3->00:24:e4:11:18:a8 decision=arp score=0.992 is_attack=True
2025-11-12T18:13:25.342608+00:00 switch=1 window=328 00:24:e4:11:18:a8->44:65:0d:56:cc:d3 decision=arp score=0.991 is_attack=True
2025-11-12T18:13:25.987953+00:00 switch=1 window=329 00:24:e4:11:18:a8->44:65:0d:56:cc:d3 decision=arp score=0.991 is_attack=True
2025-11-12T18:13:26.787103+00:00 switch=1 window=331 b4:ce:f6:a7:a3:c2->40:f3:08:ff:1e:da decision=arp score=0.992 is_attack=True
2025-11-12T18:13:27.479766+00:00 switch=1 window=332 b4:ce:f6:a7:a3:c2->40:f3:08:ff:1e:da decision=arp score=0.992 is_attack=True
2025-11-12T18:13:28.351341+00:00 switch=1 window=334 40:f3:08:ff:1e:da->b4:ce:f6:a7:a3:c2 decision=arp score=0.991 is_attack=True
2025-11-12T18:13:29.122446+00:00 switch=1 window=335 40:f3:08:ff:1e:da->b4:ce:f6:a7:a3:c2 decision=arp score=0.991 is_attack=True
2025-11-12T18:13:29.998346+00:00 switch=1 window=337 b4:ce:f6:a7:a3:c2->ec:1a:59:83:28:11 decision=arp score=0.991 is_attack=True
2025-11-12T18:13:30.845959+00:00 switch=1 window=338 b4:ce:f6:a7:a3:c2->ec:1a:59:83:28:11 decision=arp score=0.991 is_attack=True
2025-11-12T18:13:31.652717+00:00 switch=1 window=341 ec:1a:59:83:28:11->b4:ce:f6:a7:a3:c2 decision=arp score=0.992 is_attack=True
2025-11-12T18:13:32.448722+00:00 switch=1 window=342 ec:1a:59:83:28:11->b4:ce:f6:a7:a3:c2 decision=arp score=0.992 is_attack=True
2025-11-12T18:13:33.298143+00:00 switch=1 window=344 b4:ce:f6:a7:a3:c2->ec:1a:59:79:f4:89 decision=arp score=0.992 is_attack=True
2025-11-12T18:13:34.068798+00:00 switch=1 window=345 b4:ce:f6:a7:a3:c2->ec:1a:59:79:f4:89 decision=arp score=0.992 is_attack=True
2025-11-12T18:13:34.967662+00:00 switch=1 window=347 ec:1a:59:79:f4:89->b4:ce:f6:a7:a3:c2 decision=arp score=0.991 is_attack=True
2025-11-12T18:13:35.753453+00:00 switch=1 window=348 ec:1a:59:79:f4:89->b4:ce:f6:a7:a3:c2 decision=arp score=0.991 is_attack=True
2025-11-12T18:13:36.395279+00:00 switch=1 window=351 b4:ce:f6:a7:a3:c2->74:6a:89:00:2e:25 decision=arp score=0.993 is_attack=True
2025-11-12T18:13:37.166394+00:00 switch=1 window=352 b4:ce:f6:a7:a3:c2->74:6a:89:00:2e:25 decision=arp score=0.993 is_attack=True
2025-11-12T18:13:38.012302+00:00 switch=1 window=354 74:6a:89:00:2e:25->b4:ce:f6:a7:a3:c2 decision=arp score=0.992 is_attack=True
2025-11-12T18:13:38.818627+00:00 switch=1 window=355 74:6a:89:00:2e:25->b4:ce:f6:a7:a3:c2 decision=arp score=0.992 is_attack=True
2025-11-12T18:13:39.620696+00:00 switch=1 window=357 b4:ce:f6:a7:a3:c2->30:8c:fb:2f:e4:b2 decision=arp score=0.992 is_attack=True
2025-11-12T18:13:40.531161+00:00 switch=1 window=358 b4:ce:f6:a7:a3:c2->30:8c:fb:2f:e4:b2 decision=arp score=0.992 is_attack=True
2025-11-12T18:13:41.328113+00:00 switch=1 window=360 30:8c:fb:2f:e4:b2->b4:ce:f6:a7:a3:c2 decision=arp score=0.992 is_attack=True
2025-11-12T18:13:42.107282+00:00 switch=1 window=361 30:8c:fb:2f:e4:b2->b4:ce:f6:a7:a3:c2 decision=arp score=0.992 is_attack=True
2025-11-12T18:13:42.813699+00:00 switch=1 window=364 b4:ce:f6:a7:a3:c2->14:cc:20:51:33:ea decision=arp score=0.993 is_attack=True
2025-11-12T18:13:43.557975+00:00 switch=1 window=365 b4:ce:f6:a7:a3:c2->14:cc:20:51:33:ea decision=arp score=0.993 is_attack=True
2025-11-12T18:13:44.281348+00:00 switch=1 window=367 14:cc:20:51:33:ea->b4:ce:f6:a7:a3:c2 decision=arp score=0.993 is_attack=True
2025-11-12T18:13:44.668415+00:00 switch=1 window=368 14:cc:20:51:33:ea->b4:ce:f6:a7:a3:c2 decision=arp score=0.993 is_attack=True
2025-11-12T18:13:45.544870+00:00 switch=1 window=370 b4:ce:f6:a7:a3:c2->70:5a:0f:e4:9b:c0 decision=arp score=0.993 is_attack=True
2025-11-12T18:13:46.315785+00:00 switch=1 window=371 b4:ce:f6:a7:a3:c2->70:5a:0f:e4:9b:c0 decision=arp score=0.993 is_attack=True
2025-11-12T18:13:47.107246+00:00 switch=1 window=372 70:5a:0f:e4:9b:c0->b4:ce:f6:a7:a3:c2 decision=arp score=0.992 is_attack=True
2025-11-12T18:13:47.762005+00:00 switch=1 window=373 70:5a:0f:e4:9b:c0->b4:ce:f6:a7:a3:c2 decision=arp score=0.992 is_attack=True
2025-11-12T18:13:48.590182+00:00 switch=1 window=375 b4:ce:f6:a7:a3:c2->74:c6:3b:29:d7:1d decision=arp score=0.992 is_attack=True
2025-11-12T18:13:49.355547+00:00 switch=1 window=376 b4:ce:f6:a7:a3:c2->74:c6:3b:29:d7:1d decision=arp score=0.992 is_attack=True
2025-11-12T18:13:50.229332+00:00 switch=1 window=378 74:c6:3b:29:d7:1d->b4:ce:f6:a7:a3:c2 decision=arp score=0.992 is_attack=True
2025-11-12T18:13:51.033967+00:00 switch=1 window=379 74:c6:3b:29:d7:1d->b4:ce:f6:a7:a3:c2 decision=arp score=0.992 is_attack=True
2025-11-12T18:13:51.818187+00:00 switch=1 window=381 b4:ce:f6:a7:a3:c2->e8:ab:fa:19:de:4f decision=arp score=0.992 is_attack=True
2025-11-12T18:13:52.588928+00:00 switch=1 window=382 b4:ce:f6:a7:a3:c2->e8:ab:fa:19:de:4f decision=arp score=0.992 is_attack=True
2025-11-12T18:13:53.224331+00:00 switch=1 window=385 e8:ab:fa:19:de:4f->b4:ce:f6:a7:a3:c2 decision=arp score=0.993 is_attack=True
2025-11-12T18:13:53.951644+00:00 switch=1 window=386 e8:ab:fa:19:de:4f->b4:ce:f6:a7:a3:c2 decision=arp score=0.993 is_attack=True
2025-11-12T18:13:54.818054+00:00 switch=1 window=388 b4:ce:f6:a7:a3:c2->00:62:6e:51:27:2e decision=arp score=0.993 is_attack=True
2025-11-12T18:13:55.674346+00:00 switch=1 window=389 b4:ce:f6:a7:a3:c2->00:62:6e:51:27:2e decision=arp score=0.993 is_attack=True
2025-11-12T18:13:56.452481+00:00 switch=1 window=390 00:62:6e:51:27:2e->b4:ce:f6:a7:a3:c2 decision=arp score=0.991 is_attack=True
2025-11-12T18:13:57.219935+00:00 switch=1 window=391 00:62:6e:51:27:2e->b4:ce:f6:a7:a3:c2 decision=arp score=0.991 is_attack=True
2025-11-12T18:13:57.815063+00:00 switch=1 window=394 b4:ce:f6:a7:a3:c2->d0:a6:37:df:a1:e1 decision=arp score=0.992 is_attack=True
2025-11-12T18:13:58.511143+00:00 switch=1 window=395 b4:ce:f6:a7:a3:c2->d0:a6:37:df:a1:e1 decision=arp score=0.992 is_attack=True
2025-11-12T18:13:59.318287+00:00 switch=1 window=397 d0:a6:37:df:a1:e1->b4:ce:f6:a7:a3:c2 decision=arp score=0.992 is_attack=True
2025-11-12T18:14:00.258372+00:00 switch=1 window=398 d0:a6:37:df:a1:e1->b4:ce:f6:a7:a3:c2 decision=arp score=0.992 is_attack=True
2025-11-12T18:14:00.986305+00:00 switch=1 window=400 b4:ce:f6:a7:a3:c2->74:2f:68:81:69:42 decision=arp score=0.993 is_attack=True
2025-11-12T18:14:01.279197+00:00 switch=1 window=401 b4:ce:f6:a7:a3:c2->74:2f:68:81:69:42 decision=arp score=0.993 is_attack=True
2025-11-12T18:14:01.554308+00:00 switch=1 window=403 74:2f:68:81:69:42->b4:ce:f6:a7:a3:c2 decision=arp score=0.992 is_attack=True
2025-11-12T18:14:01.787594+00:00 switch=1 window=404 74:2f:68:81:69:42->b4:ce:f6:a7:a3:c2 decision=arp score=0.992 is_attack=True
2025-11-12T18:14:02.183982+00:00 switch=1 window=405 b4:ce:f6:a7:a3:c2->d0:73:d5:01:83:08 decision=arp score=0.992 is_attack=True
2025-11-12T18:14:02.541577+00:00 switch=1 window=406 d0:73:d5:01:83:08->b4:ce:f6:a7:a3:c2 decision=arp score=0.714 is_attack=True
2025-11-12T18:14:03.347741+00:00 switch=1 window=407 b4:ce:f6:a7:a3:c2->ac:bc:32:d4:6f:2f decision=normal score=0.647 is_attack=False
2025-11-12T18:14:03.947371+00:00 switch=1 window=408 ac:bc:32:d4:6f:2f->b4:ce:f6:a7:a3:c2 decision=arp score=0.939 is_attack=True
2025-11-12T18:14:04.173704+00:00 switch=1 window=409 b4:ce:f6:a7:a3:c2->f4:5c:89:93:cc:85 decision=normal score=0.551 is_attack=False
2025-11-12T18:14:04.630476+00:00 switch=1 window=410 f4:5c:89:93:cc:85->b4:ce:f6:a7:a3:c2 decision=normal score=0.543 is_attack=False
2025-11-12T18:14:04.863554+00:00 switch=1 window=411 b4:ce:f6:a7:a3:c2->30:8c:fb:b6:ea:45 decision=normal score=0.550 is_attack=False
2025-11-12T18:14:06.091034+00:00 switch=1 window=412 b4:ce:f6:a7:a3:c2->e0:76:d0:33:bb:85 decision=normal score=0.540 is_attack=False
2025-11-12T18:14:07.170133+00:00 switch=1 window=413 e0:76:d0:33:bb:85->b4:ce:f6:a7:a3:c2 decision=normal score=0.529 is_attack=False
2025-11-12T18:14:07.369266+00:00 switch=1 window=414 e0:76:d0:33:bb:85->b4:ce:f6:a7:a3:c2 decision=arp score=0.952 is_attack=True
2025-11-12T18:14:07.562372+00:00 switch=1 window=415 b4:ce:f6:a7:a3:c2->08:21:ef:3b:fc:e3 decision=arp score=0.938 is_attack=True
2025-11-12T18:14:08.227929+00:00 switch=1 window=416 b4:ce:f6:a7:a3:c2->08:21:ef:3b:fc:e3 decision=arp score=0.937 is_attack=True
2025-11-12T18:14:09.270477+00:00 switch=1 window=417 08:21:ef:3b:fc:e3->b4:ce:f6:a7:a3:c2 decision=normal score=0.616 is_attack=False
2025-11-12T18:14:09.385512+00:00 switch=1 window=418 08:21:ef:3b:fc:e3->b4:ce:f6:a7:a3:c2 decision=arp score=0.677 is_attack=False
2025-11-12T18:14:09.576597+00:00 switch=1 window=419 b4:ce:f6:a7:a3:c2->00:16:6c:ab:6b:88 decision=arp score=0.718 is_attack=True
2025-11-12T18:14:10.082477+00:00 switch=1 window=420 b4:ce:f6:a7:a3:c2->00:16:6c:ab:6b:88 decision=arp score=0.818 is_attack=True
2025-11-12T18:14:11.242471+00:00 switch=1 window=421 00:16:6c:ab:6b:88->b4:ce:f6:a7:a3:c2 decision=arp score=0.654 is_attack=False
2025-11-12T18:14:11.802882+00:00 switch=1 window=422 00:16:6c:ab:6b:88->b4:ce:f6:a7:a3:c2 decision=arp score=0.819 is_attack=True
2025-11-12T18:14:12.035494+00:00 switch=1 window=423 b4:ce:f6:a7:a3:c2->d0:52:a8:00:67:5e decision=arp score=0.978 is_attack=True
2025-11-12T18:14:12.308234+00:00 switch=1 window=424 b4:ce:f6:a7:a3:c2->d0:52:a8:00:67:5e decision=arp score=0.977 is_attack=True
2025-11-12T18:14:12.525486+00:00 switch=1 window=426 d0:52:a8:00:67:5e->b4:ce:f6:a7:a3:c2 decision=arp score=0.878 is_attack=True
2025-11-12T18:14:12.745325+00:00 switch=1 window=427 b4:ce:f6:a7:a3:c2->50:c7:bf:00:56:39 decision=normal score=0.562 is_attack=False
2025-11-12T18:14:14.106375+00:00 switch=1 window=428 40:f3:08:ff:1e:da->ec:1a:59:83:28:11 decision=normal score=0.543 is_attack=False
2025-11-12T18:14:15.207498+00:00 switch=1 window=429 ec:1a:59:83:28:11->40:f3:08:ff:1e:da decision=normal score=0.546 is_attack=False
2025-11-12T18:14:16.268665+00:00 switch=1 window=430 ec:1a:59:83:28:11->40:f3:08:ff:1e:da decision=arp score=0.709 is_attack=True
2025-11-12T18:14:17.378864+00:00 switch=1 window=431 40:f3:08:ff:1e:da->ec:1a:59:79:f4:89 decision=arp score=0.782 is_attack=True
2025-11-12T18:14:18.479675+00:00 switch=1 window=432 40:f3:08:ff:1e:da->ec:1a:59:79:f4:89 decision=arp score=0.923 is_attack=True
2025-11-12T18:14:19.591428+00:00 switch=1 window=435 ec:1a:59:79:f4:89->40:f3:08:ff:1e:da decision=arp score=0.902 is_attack=True
2025-11-12T18:14:20.653833+00:00 switch=1 window=436 ec:1a:59:79:f4:89->40:f3:08:ff:1e:da decision=arp score=0.657 is_attack=False
2025-11-12T18:14:21.712672+00:00 switch=1 window=439 ac:bc:32:d4:6f:2f->33:33:00:00:00:02 decision=normal score=0.631 is_attack=False
2025-11-12T18:14:22.832391+00:00 switch=1 window=440 40:f3:08:ff:1e:da->74:6a:89:00:2e:25 decision=dos score=0.786 is_attack=True
2025-11-12T18:14:23.947686+00:00 switch=1 window=441 40:f3:08:ff:1e:da->74:6a:89:00:2e:25 decision=arp score=0.991 is_attack=True
2025-11-12T18:14:24.960328+00:00 switch=1 window=446 74:6a:89:00:2e:25->40:f3:08:ff:1e:da decision=dos score=0.670 is_attack=False
2025-11-12T18:14:25.181889+00:00 switch=1 window=447 74:6a:89:00:2e:25->40:f3:08:ff:1e:da decision=dos score=0.858 is_attack=True
2025-11-12T18:14:25.477312+00:00 switch=1 window=450 40:f3:08:ff:1e:da->30:8c:fb:2f:e4:b2 decision=arp score=0.863 is_attack=True
2025-11-12T18:14:25.713387+00:00 switch=1 window=451 40:f3:08:ff:1e:da->30:8c:fb:2f:e4:b2 decision=arp score=0.959 is_attack=True
2025-11-12T18:14:26.021250+00:00 switch=1 window=453 30:8c:fb:2f:e4:b2->40:f3:08:ff:1e:da decision=arp score=0.972 is_attack=True
2025-11-12T18:14:26.196128+00:00 switch=1 window=454 40:f3:08:ff:1e:da->14:cc:20:51:33:ea decision=dos score=0.633 is_attack=False
2025-11-12T18:14:27.553454+00:00 switch=1 window=455 40:f3:08:ff:1e:da->ac:bc:32:d4:6f:2f decision=normal score=0.537 is_attack=False
2025-11-12T18:14:28.641277+00:00 switch=1 window=456 ac:bc:32:d4:6f:2f->40:f3:08:ff:1e:da decision=normal score=0.542 is_attack=False
2025-11-12T18:14:29.753525+00:00 switch=1 window=457 ac:bc:32:d4:6f:2f->40:f3:08:ff:1e:da decision=arp score=0.981 is_attack=True
2025-11-12T18:14:30.851613+00:00 switch=1 window=458 40:f3:08:ff:1e:da->f4:5c:89:93:cc:85 decision=arp score=0.989 is_attack=True
2025-11-12T18:14:31.910644+00:00 switch=1 window=459 40:f3:08:ff:1e:da->f4:5c:89:93:cc:85 decision=arp score=0.987 is_attack=True
2025-11-12T18:14:32.706075+00:00 switch=1 window=462 f4:5c:89:93:cc:85->40:f3:08:ff:1e:da decision=arp score=0.908 is_attack=True
2025-11-12T18:14:32.860083+00:00 switch=1 window=463 f4:5c:89:93:cc:85->40:f3:08:ff:1e:da decision=dos score=0.812 is_attack=True
2025-11-12T18:14:33.159746+00:00 switch=1 window=466 40:f3:08:ff:1e:da->30:8c:fb:b6:ea:45 decision=arp score=0.788 is_attack=True
2025-11-12T18:14:34.069087+00:00 switch=1 window=467 40:f3:08:ff:1e:da->30:8c:fb:b6:ea:45 decision=arp score=0.921 is_attack=True
2025-11-12T18:14:34.412577+00:00 switch=1 window=468 30:8c:fb:b6:ea:45->40:f3:08:ff:1e:da decision=arp score=0.871 is_attack=True
2025-11-12T18:14:34.585910+00:00 switch=1 window=469 30:8c:fb:b6:ea:45->40:f3:08:ff:1e:da decision=arp score=0.926 is_attack=True
2025-11-12T18:14:34.753685+00:00 switch=1 window=471 40:f3:08:ff:1e:da->18:b4:30:25:be:e4 decision=dos score=0.904 is_attack=True
2025-11-12T18:14:36.084425+00:00 switch=1 window=472 40:f3:08:ff:1e:da->f4:f2:6d:93:51:f1 decision=normal score=0.569 is_attack=False
2025-11-12T18:14:37.056757+00:00 switch=1 window=473 f4:f2:6d:93:51:f1->40:f3:08:ff:1e:da decision=normal score=0.567 is_attack=False
2025-11-12T18:14:37.189279+00:00 switch=1 window=474 f4:f2:6d:93:51:f1->40:f3:08:ff:1e:da decision=arp score=0.956 is_attack=True
2025-11-12T18:14:37.639200+00:00 switch=1 window=475 40:f3:08:ff:1e:da->18:b7:9e:02:20:44 decision=arp score=0.987 is_attack=True
2025-11-12T18:14:37.879671+00:00 switch=1 window=476 40:f3:08:ff:1e:da->18:b7:9e:02:20:44 decision=arp score=0.977 is_attack=True
2025-11-12T18:14:38.922526+00:00 switch=1 window=477 18:b7:9e:02:20:44->40:f3:08:ff:1e:da decision=arp score=0.945 is_attack=True
2025-11-12T18:14:39.196005+00:00 switch=1 window=478 70:5a:0f:e4:9b:c0->33:33:00:00:00:02 decision=normal score=0.559 is_attack=False
2025-11-12T18:14:39.353264+00:00 switch=1 window=479 70:5a:0f:e4:9b:c0->33:33:00:00:00:02 decision=arp score=0.854 is_attack=True
2025-11-12T18:14:40.482516+00:00 switch=1 window=480 00:24:e4:1b:6f:96->40:f3:08:ff:1e:da decision=dos score=0.671 is_attack=False
2025-11-12T18:14:41.592569+00:00 switch=1 window=481 40:f3:08:ff:1e:da->00:24:e4:20:28:c6 decision=dos score=0.877 is_attack=True
2025-11-12T18:14:42.104212+00:00 switch=1 window=482 40:f3:08:ff:1e:da->00:24:e4:20:28:c6 decision=arp score=0.868 is_attack=True
2025-11-12T18:14:42.413087+00:00 switch=1 window=483 00:24:e4:20:28:c6->40:f3:08:ff:1e:da decision=arp score=0.733 is_attack=True
2025-11-12T18:14:42.602910+00:00 switch=1 window=484 00:24:e4:20:28:c6->40:f3:08:ff:1e:da decision=arp score=0.861 is_attack=True
2025-11-12T18:14:43.153040+00:00 switch=1 window=487 40:f3:08:ff:1e:da->00:24:e4:11:18:a8 decision=dos score=0.930 is_attack=True
2025-11-12T18:14:43.756426+00:00 switch=1 window=488 00:24:e4:11:18:a8->40:f3:08:ff:1e:da decision=dos score=0.931 is_attack=True
2025-11-12T18:14:44.550303+00:00 switch=1 window=489 ec:1a:59:83:28:11->ec:1a:59:79:f4:89 decision=normal score=0.582 is_attack=False
2025-11-12T18:14:45.532330+00:00 switch=1 window=490 ec:1a:59:79:f4:89->ec:1a:59:83:28:11 decision=normal score=0.583 is_attack=False
2025-11-12T18:14:46.312530+00:00 switch=1 window=491 ec:1a:59:79:f4:89->ec:1a:59:83:28:11 decision=normal score=0.586 is_attack=False
2025-11-12T18:14:47.127011+00:00 switch=1 window=492 ec:1a:59:83:28:11->74:6a:89:00:2e:25 decision=arp score=0.882 is_attack=True
2025-11-12T18:14:47.927964+00:00 switch=1 window=493 ec:1a:59:83:28:11->74:6a:89:00:2e:25 decision=arp score=0.971 is_attack=True
2025-11-12T18:14:48.759504+00:00 switch=1 window=495 74:6a:89:00:2e:25->ec:1a:59:83:28:11 decision=arp score=0.863 is_attack=True
2025-11-12T18:14:49.486706+00:00 switch=1 window=496 74:6a:89:00:2e:25->ec:1a:59:83:28:11 decision=dos score=0.701 is_attack=True
2025-11-12T18:14:50.362574+00:00 switch=1 window=498 ec:1a:59:83:28:11->30:8c:fb:2f:e4:b2 decision=arp score=0.761 is_attack=True
2025-11-12T18:14:50.661994+00:00 switch=1 window=499 ec:1a:59:83:28:11->30:8c:fb:2f:e4:b2 decision=arp score=0.824 is_attack=True
2025-11-12T18:14:51.458671+00:00 switch=1 window=501 30:8c:fb:2f:e4:b2->ec:1a:59:83:28:11 decision=arp score=0.653 is_attack=False
2025-11-12T18:14:52.227963+00:00 switch=1 window=502 30:8c:fb:2f:e4:b2->ec:1a:59:83:28:11 decision=arp score=0.784 is_attack=True
2025-11-12T18:14:52.960825+00:00 switch=1 window=504 ec:1a:59:83:28:11->14:cc:20:51:33:ea decision=dos score=0.659 is_attack=False
2025-11-12T18:14:53.751340+00:00 switch=1 window=505 ec:1a:59:83:28:11->14:cc:20:51:33:ea decision=dos score=0.774 is_attack=True
2025-11-12T18:14:54.499150+00:00 switch=1 window=507 14:cc:20:51:33:ea->ec:1a:59:83:28:11 decision=arp score=0.938 is_attack=True
2025-11-12T18:14:55.421340+00:00 switch=1 window=508 14:cc:20:51:33:ea->ec:1a:59:83:28:11 decision=arp score=0.945 is_attack=True
2025-11-12T18:14:56.150201+00:00 switch=1 window=510 ec:1a:59:83:28:11->70:5a:0f:e4:9b:c0 decision=arp score=0.927 is_attack=True
2025-11-12T18:14:56.926766+00:00 switch=1 window=511 ec:1a:59:83:28:11->70:5a:0f:e4:9b:c0 decision=arp score=0.967 is_attack=True
2025-11-12T18:14:57.687963+00:00 switch=1 window=513 70:5a:0f:e4:9b:c0->ec:1a:59:83:28:11 decision=dos score=0.839 is_attack=True
2025-11-12T18:14:58.510975+00:00 switch=1 window=514 70:5a:0f:e4:9b:c0->ec:1a:59:83:28:11 decision=dos score=0.920 is_attack=True
2025-11-12T18:14:59.309647+00:00 switch=1 window=516 ec:1a:59:83:28:11->74:c6:3b:29:d7:1d decision=arp score=0.928 is_attack=True
2025-11-12T18:15:00.231326+00:00 switch=1 window=517 ec:1a:59:83:28:11->74:c6:3b:29:d7:1d decision=arp score=0.945 is_attack=True
2025-11-12T18:15:01.032320+00:00 switch=1 window=520 74:c6:3b:29:d7:1d->ec:1a:59:83:28:11 decision=arp score=0.899 is_attack=True
2025-11-12T18:15:01.804580+00:00 switch=1 window=521 74:c6:3b:29:d7:1d->ec:1a:59:83:28:11 decision=dos score=0.926 is_attack=True
2025-11-12T18:15:02.615539+00:00 switch=1 window=523 ec:1a:59:83:28:11->e8:ab:fa:19:de:4f decision=arp score=0.976 is_attack=True
2025-11-12T18:15:03.428359+00:00 switch=1 window=524 ec:1a:59:83:28:11->e8:ab:fa:19:de:4f decision=arp score=0.981 is_attack=True
2025-11-12T18:15:04.228777+00:00 switch=1 window=526 e8:ab:fa:19:de:4f->ec:1a:59:83:28:11 decision=arp score=0.987 is_attack=True
2025-11-12T18:15:04.729582+00:00 switch=1 window=527 e8:ab:fa:19:de:4f->ec:1a:59:83:28:11 decision=arp score=0.986 is_attack=True
2025-11-12T18:15:05.609297+00:00 switch=1 window=529 ec:1a:59:83:28:11->00:62:6e:51:27:2e decision=arp score=0.967 is_attack=True
2025-11-12T18:15:06.360982+00:00 switch=1 window=530 ec:1a:59:83:28:11->00:62:6e:51:27:2e decision=arp score=0.970 is_attack=True
2025-11-12T18:15:07.171318+00:00 switch=1 window=532 00:62:6e:51:27:2e->ec:1a:59:83:28:11 decision=arp score=0.986 is_attack=True
2025-11-12T18:15:07.852757+00:00 switch=1 window=533 00:62:6e:51:27:2e->ec:1a:59:83:28:11 decision=arp score=0.991 is_attack=True
2025-11-12T18:15:08.009709+00:00 switch=1 window=535 ec:1a:59:83:28:11->d0:a6:37:df:a1:e1 decision=arp score=0.991 is_attack=True
2025-11-12T18:15:08.794028+00:00 switch=1 window=536 ec:1a:59:83:28:11->d0:a6:37:df:a1:e1 decision=arp score=0.991 is_attack=True
2025-11-12T18:15:09.592342+00:00 switch=1 window=538 d0:a6:37:df:a1:e1->ec:1a:59:83:28:11 decision=arp score=0.991 is_attack=True
2025-11-12T18:15:10.562736+00:00 switch=1 window=539 d0:a6:37:df:a1:e1->ec:1a:59:83:28:11 decision=arp score=0.991 is_attack=True
2025-11-12T18:15:11.354725+00:00 switch=1 window=540 ec:1a:59:83:28:11->74:2f:68:81:69:42 decision=arp score=0.991 is_attack=True
2025-11-12T18:15:12.114230+00:00 switch=1 window=541 ec:1a:59:83:28:11->74:2f:68:81:69:42 decision=arp score=0.991 is_attack=True
2025-11-12T18:15:12.823964+00:00 switch=1 window=544 74:2f:68:81:69:42->ec:1a:59:83:28:11 decision=arp score=0.992 is_attack=True
2025-11-12T18:15:13.405631+00:00 switch=1 window=545 74:2f:68:81:69:42->ec:1a:59:83:28:11 decision=arp score=0.992 is_attack=True
2025-11-12T18:15:14.099282+00:00 switch=1 window=547 ec:1a:59:83:28:11->d0:73:d5:01:83:08 decision=arp score=0.990 is_attack=True
2025-11-12T18:15:14.983814+00:00 switch=1 window=548 ec:1a:59:83:28:11->d0:73:d5:01:83:08 decision=arp score=0.989 is_attack=True
2025-11-12T18:15:15.816002+00:00 switch=1 window=549 d0:73:d5:01:83:08->ec:1a:59:83:28:11 decision=arp score=0.989 is_attack=True
2025-11-12T18:15:16.598264+00:00 switch=1 window=550 d0:73:d5:01:83:08->ec:1a:59:83:28:11 decision=arp score=0.990 is_attack=True
2025-11-12T18:15:17.399376+00:00 switch=1 window=552 ec:1a:59:83:28:11->ac:bc:32:d4:6f:2f decision=arp score=0.990 is_attack=True
2025-11-12T18:15:18.188304+00:00 switch=1 window=553 ec:1a:59:83:28:11->ac:bc:32:d4:6f:2f decision=arp score=0.990 is_attack=True
2025-11-12T18:15:18.391111+00:00 switch=1 window=556 ac:bc:32:d4:6f:2f->ec:1a:59:83:28:11 decision=arp score=0.992 is_attack=True
2025-11-12T18:15:19.095524+00:00 switch=1 window=557 ac:bc:32:d4:6f:2f->ec:1a:59:83:28:11 decision=arp score=0.992 is_attack=True
2025-11-12T18:15:19.972421+00:00 switch=1 window=559 ec:1a:59:83:28:11->f4:5c:89:93:cc:85 decision=arp score=0.991 is_attack=True
2025-11-12T18:15:20.790271+00:00 switch=1 window=560 ec:1a:59:83:28:11->f4:5c:89:93:cc:85 decision=arp score=0.992 is_attack=True
2025-11-12T18:15:21.507707+00:00 switch=1 window=561 f4:5c:89:93:cc:85->ec:1a:59:83:28:11 decision=arp score=0.992 is_attack=True
2025-11-12T18:15:22.295227+00:00 switch=1 window=562 f4:5c:89:93:cc:85->ec:1a:59:83:28:11 decision=arp score=0.990 is_attack=True
2025-11-12T18:15:22.884207+00:00 switch=1 window=564 ec:1a:59:83:28:11->30:8c:fb:b6:ea:45 decision=arp score=0.992 is_attack=True
2025-11-12T18:15:23.639832+00:00 switch=1 window=565 ec:1a:59:83:28:11->30:8c:fb:b6:ea:45 decision=arp score=0.992 is_attack=True
2025-11-12T18:15:24.436329+00:00 switch=1 window=567 30:8c:fb:b6:ea:45->ec:1a:59:83:28:11 decision=arp score=0.992 is_attack=True
2025-11-12T18:15:25.375443+00:00 switch=1 window=568 30:8c:fb:b6:ea:45->ec:1a:59:83:28:11 decision=arp score=0.992 is_attack=True
2025-11-12T18:15:26.183954+00:00 switch=1 window=570 ec:1a:59:83:28:11->18:b4:30:25:be:e4 decision=arp score=0.983 is_attack=True
2025-11-12T18:15:26.952421+00:00 switch=1 window=571 ec:1a:59:83:28:11->18:b4:30:25:be:e4 decision=arp score=0.985 is_attack=True
2025-11-12T18:15:27.752503+00:00 switch=1 window=573 18:b4:30:25:be:e4->ec:1a:59:83:28:11 decision=arp score=0.989 is_attack=True
2025-11-12T18:15:28.614610+00:00 switch=1 window=574 18:b4:30:25:be:e4->ec:1a:59:83:28:11 decision=arp score=0.990 is_attack=True
2025-11-12T18:15:29.428347+00:00 switch=1 window=576 ec:1a:59:83:28:11->70:ee:50:03:b8:ac decision=arp score=0.990 is_attack=True
2025-11-12T18:15:30.414433+00:00 switch=1 window=577 ec:1a:59:83:28:11->70:ee:50:03:b8:ac decision=arp score=0.990 is_attack=True
2025-11-12T18:15:31.066258+00:00 switch=1 window=580 70:ee:50:03:b8:ac->ec:1a:59:83:28:11 decision=arp score=0.990 is_attack=True
2025-11-12T18:15:31.844635+00:00 switch=1 window=581 70:ee:50:03:b8:ac->ec:1a:59:83:28:11 decision=arp score=0.989 is_attack=True
2025-11-12T18:15:32.629001+00:00 switch=1 window=583 ec:1a:59:83:28:11->70:ee:50:18:34:43 decision=arp score=0.989 is_attack=True
2025-11-12T18:15:33.470777+00:00 switch=1 window=584 ec:1a:59:83:28:11->70:ee:50:18:34:43 decision=arp score=0.989 is_attack=True
2025-11-12T18:15:34.246757+00:00 switch=1 window=586 70:ee:50:18:34:43->ec:1a:59:83:28:11 decision=arp score=0.991 is_attack=True
2025-11-12T18:15:35.111304+00:00 switch=1 window=587 70:ee:50:18:34:43->ec:1a:59:83:28:11 decision=arp score=0.991 is_attack=True
2025-11-12T18:15:35.987915+00:00 switch=1 window=589 ec:1a:59:83:28:11->e0:76:d0:33:bb:85 decision=arp score=0.989 is_attack=True
2025-11-12T18:15:36.691728+00:00 switch=1 window=590 ec:1a:59:83:28:11->e0:76:d0:33:bb:85 decision=arp score=0.990 is_attack=True
2025-11-12T18:15:37.480485+00:00 switch=1 window=593 e0:76:d0:33:bb:85->ec:1a:59:83:28:11 decision=arp score=0.992 is_attack=True
2025-11-12T18:15:38.283581+00:00 switch=1 window=594 e0:76:d0:33:bb:85->ec:1a:59:83:28:11 decision=arp score=0.992 is_attack=True
2025-11-12T18:15:39.074262+00:00 switch=1 window=596 ec:1a:59:83:28:11->08:21:ef:3b:fc:e3 decision=arp score=0.991 is_attack=True
2025-11-12T18:15:39.925361+00:00 switch=1 window=597 ec:1a:59:83:28:11->08:21:ef:3b:fc:e3 decision=arp score=0.992 is_attack=True
2025-11-12T18:15:40.813971+00:00 switch=1 window=599 08:21:ef:3b:fc:e3->ec:1a:59:83:28:11 decision=arp score=0.992 is_attack=True
2025-11-12T18:15:41.597111+00:00 switch=1 window=600 08:21:ef:3b:fc:e3->ec:1a:59:83:28:11 decision=arp score=0.992 is_attack=True
2025-11-12T18:15:42.384235+00:00 switch=1 window=602 ec:1a:59:83:28:11->00:16:6c:ab:6b:88 decision=arp score=0.990 is_attack=True
2025-11-12T18:15:43.207847+00:00 switch=1 window=603 ec:1a:59:83:28:11->00:16:6c:ab:6b:88 decision=arp score=0.991 is_attack=True
2025-11-12T18:15:43.776343+00:00 switch=1 window=606 00:16:6c:ab:6b:88->ec:1a:59:83:28:11 decision=arp score=0.992 is_attack=True
2025-11-12T18:15:44.461181+00:00 switch=1 window=607 00:16:6c:ab:6b:88->ec:1a:59:83:28:11 decision=arp score=0.992 is_attack=True
2025-11-12T18:15:45.263818+00:00 switch=1 window=609 ec:1a:59:83:28:11->d0:52:a8:00:67:5e decision=arp score=0.991 is_attack=True
2025-11-12T18:15:46.100630+00:00 switch=1 window=610 ec:1a:59:83:28:11->d0:52:a8:00:67:5e decision=arp score=0.992 is_attack=True
2025-11-12T18:15:46.896113+00:00 switch=1 window=611 d0:52:a8:00:67:5e->ec:1a:59:83:28:11 decision=arp score=0.991 is_attack=True
2025-11-12T18:15:47.675965+00:00 switch=1 window=612 d0:52:a8:00:67:5e->ec:1a:59:83:28:11 decision=arp score=0.991 is_attack=True
2025-11-12T18:15:48.600537+00:00 switch=1 window=615 ec:1a:59:83:28:11->50:c7:bf:00:56:39 decision=arp score=0.993 is_attack=True
2025-11-12T18:15:49.375295+00:00 switch=1 window=616 ec:1a:59:83:28:11->50:c7:bf:00:56:39 decision=arp score=0.993 is_attack=True
2025-11-12T18:15:50.270717+00:00 switch=1 window=618 50:c7:bf:00:56:39->ec:1a:59:83:28:11 decision=arp score=0.992 is_attack=True
2025-11-12T18:15:51.055826+00:00 switch=1 window=619 50:c7:bf:00:56:39->ec:1a:59:83:28:11 decision=arp score=0.992 is_attack=True
2025-11-12T18:15:51.852775+00:00 switch=1 window=621 ec:1a:59:83:28:11->f4:f2:6d:93:51:f1 decision=arp score=0.991 is_attack=True
2025-11-12T18:15:52.629805+00:00 switch=1 window=622 ec:1a:59:83:28:11->f4:f2:6d:93:51:f1 decision=arp score=0.991 is_attack=True
2025-11-12T18:15:53.519385+00:00 switch=1 window=625 f4:f2:6d:93:51:f1->ec:1a:59:83:28:11 decision=arp score=0.993 is_attack=True
2025-11-12T18:15:54.295320+00:00 switch=1 window=626 f4:f2:6d:93:51:f1->ec:1a:59:83:28:11 decision=arp score=0.993 is_attack=True
2025-11-12T18:15:55.127913+00:00 switch=1 window=628 ec:1a:59:83:28:11->18:b7:9e:02:20:44 decision=arp score=0.992 is_attack=True
2025-11-12T18:15:55.901913+00:00 switch=1 window=629 ec:1a:59:83:28:11->18:b7:9e:02:20:44 decision=arp score=0.992 is_attack=True
2025-11-12T18:15:56.635580+00:00 switch=1 window=631 18:b7:9e:02:20:44->ec:1a:59:83:28:11 decision=arp score=0.992 is_attack=True
2025-11-12T18:15:57.410312+00:00 switch=1 window=632 18:b7:9e:02:20:44->ec:1a:59:83:28:11 decision=arp score=0.992 is_attack=True
2025-11-12T18:15:57.983988+00:00 switch=1 window=634 ec:1a:59:83:28:11->00:24:e4:1b:6f:96 decision=arp score=0.991 is_attack=True
2025-11-12T18:15:58.752113+00:00 switch=1 window=635 ec:1a:59:83:28:11->00:24:e4:1b:6f:96 decision=arp score=0.991 is_attack=True
2025-11-12T18:15:59.539353+00:00 switch=1 window=637 00:24:e4:1b:6f:96->ec:1a:59:83:28:11 decision=arp score=0.991 is_attack=True
2025-11-12T18:16:00.456775+00:00 switch=1 window=638 00:24:e4:1b:6f:96->ec:1a:59:83:28:11 decision=arp score=0.991 is_attack=True
2025-11-12T18:16:01.239125+00:00 switch=1 window=640 ec:1a:59:83:28:11->00:24:e4:20:28:c6 decision=arp score=0.992 is_attack=True
2025-11-12T18:16:02.032573+00:00 switch=1 window=641 ec:1a:59:83:28:11->00:24:e4:20:28:c6 decision=arp score=0.992 is_attack=True
2025-11-12T18:16:02.850301+00:00 switch=1 window=643 00:24:e4:20:28:c6->ec:1a:59:83:28:11 decision=arp score=0.991 is_attack=True
2025-11-12T18:16:03.640439+00:00 switch=1 window=644 00:24:e4:20:28:c6->ec:1a:59:83:28:11 decision=arp score=0.991 is_attack=True
2025-11-12T18:16:04.425674+00:00 switch=1 window=647 ec:1a:59:83:28:11->00:24:e4:11:18:a8 decision=arp score=0.993 is_attack=True
2025-11-12T18:16:05.292284+00:00 switch=1 window=648 ec:1a:59:83:28:11->00:24:e4:11:18:a8 decision=arp score=0.993 is_attack=True
2025-11-12T18:16:06.147863+00:00 switch=1 window=650 00:24:e4:11:18:a8->ec:1a:59:83:28:11 decision=arp score=0.992 is_attack=True
2025-11-12T18:16:07.011246+00:00 switch=1 window=651 00:24:e4:11:18:a8->ec:1a:59:83:28:11 decision=arp score=0.992 is_attack=True
2025-11-12T18:16:08.081918+00:00 switch=1 window=653 ec:1a:59:79:f4:89->74:6a:89:00:2e:25 decision=arp score=0.992 is_attack=True
2025-11-12T18:16:09.313382+00:00 switch=1 window=654 ec:1a:59:79:f4:89->74:6a:89:00:2e:25 decision=arp score=0.992 is_attack=True
2025-11-12T18:16:10.398761+00:00 switch=1 window=657 74:6a:89:00:2e:25->ec:1a:59:79:f4:89 decision=arp score=0.993 is_attack=True
2025-11-12T18:16:11.086952+00:00 switch=1 window=658 74:6a:89:00:2e:25->ec:1a:59:79:f4:89 decision=arp score=0.993 is_attack=True
2025-11-12T18:16:12.040011+00:00 switch=1 window=661 ec:1a:59:79:f4:89->30:8c:fb:2f:e4:b2 decision=arp score=0.992 is_attack=True
2025-11-12T18:16:12.898597+00:00 switch=1 window=662 ec:1a:59:79:f4:89->30:8c:fb:2f:e4:b2 decision=arp score=0.992 is_attack=True
2025-11-12T18:16:13.794749+00:00 switch=1 window=665 30:8c:fb:2f:e4:b2->ec:1a:59:79:f4:89 decision=arp score=0.993 is_attack=True
2025-11-12T18:16:14.605665+00:00 switch=1 window=666 30:8c:fb:2f:e4:b2->ec:1a:59:79:f4:89 decision=arp score=0.993 is_attack=True
2025-11-12T18:16:14.939323+00:00 switch=1 window=668 ec:1a:59:79:f4:89->14:cc:20:51:33:ea decision=arp score=0.991 is_attack=True
2025-11-12T18:16:15.093552+00:00 switch=1 window=669 ec:1a:59:79:f4:89->14:cc:20:51:33:ea decision=arp score=0.991 is_attack=True
2025-11-12T18:16:15.409350+00:00 switch=1 window=672 14:cc:20:51:33:ea->ec:1a:59:79:f4:89 decision=arp score=0.992 is_attack=True
2025-11-12T18:16:16.330129+00:00 switch=1 window=673 ec:1a:59:79:f4:89->e8:ab:fa:19:de:4f decision=normal score=0.541 is_attack=False
2025-11-12T18:16:17.119256+00:00 switch=1 window=674 e8:ab:fa:19:de:4f->ec:1a:59:79:f4:89 decision=normal score=0.548 is_attack=False
2025-11-12T18:16:17.895886+00:00 switch=1 window=675 ec:1a:59:79:f4:89->00:62:6e:51:27:2e decision=normal score=0.587 is_attack=False
2025-11-12T18:16:18.676126+00:00 switch=1 window=676 ec:1a:59:79:f4:89->00:62:6e:51:27:2e decision=arp score=0.984 is_attack=True
2025-11-12T18:16:19.480669+00:00 switch=1 window=677 00:62:6e:51:27:2e->ec:1a:59:79:f4:89 decision=arp score=0.992 is_attack=True
2025-11-12T18:16:20.152349+00:00 switch=1 window=678 00:62:6e:51:27:2e->ec:1a:59:79:f4:89 decision=arp score=0.992 is_attack=True
2025-11-12T18:16:20.710655+00:00 switch=1 window=680 ec:1a:59:79:f4:89->d0:a6:37:df:a1:e1 decision=arp score=0.989 is_attack=True
2025-11-12T18:16:21.502607+00:00 switch=1 window=681 ec:1a:59:79:f4:89->d0:a6:37:df:a1:e1 decision=arp score=0.989 is_attack=True
2025-11-12T18:16:22.203879+00:00 switch=1 window=683 d0:a6:37:df:a1:e1->ec:1a:59:79:f4:89 decision=arp score=0.985 is_attack=True
2025-11-12T18:16:23.045300+00:00 switch=1 window=684 d0:a6:37:df:a1:e1->ec:1a:59:79:f4:89 decision=arp score=0.988 is_attack=True
2025-11-12T18:16:23.640462+00:00 switch=1 window=686 ec:1a:59:79:f4:89->74:2f:68:81:69:42 decision=arp score=0.992 is_attack=True
2025-11-12T18:16:24.409832+00:00 switch=1 window=687 ec:1a:59:79:f4:89->74:2f:68:81:69:42 decision=arp score=0.992 is_attack=True
2025-11-12T18:16:25.335759+00:00 switch=1 window=689 74:2f:68:81:69:42->ec:1a:59:79:f4:89 decision=arp score=0.992 is_attack=True
2025-11-12T18:16:26.108038+00:00 switch=1 window=690 74:2f:68:81:69:42->ec:1a:59:79:f4:89 decision=arp score=0.992 is_attack=True
2025-11-12T18:16:26.895458+00:00 switch=1 window=691 ec:1a:59:79:f4:89->d0:73:d5:01:83:08 decision=arp score=0.980 is_attack=True
2025-11-12T18:16:27.543538+00:00 switch=1 window=692 ec:1a:59:79:f4:89->d0:73:d5:01:83:08 decision=arp score=0.986 is_attack=True
2025-11-12T18:16:28.346869+00:00 switch=1 window=695 d0:73:d5:01:83:08->ec:1a:59:79:f4:89 decision=arp score=0.992 is_attack=True
2025-11-12T18:16:28.659389+00:00 switch=1 window=696 d0:73:d5:01:83:08->ec:1a:59:79:f4:89 decision=arp score=0.991 is_attack=True
2025-11-12T18:16:29.457659+00:00 switch=1 window=698 ec:1a:59:79:f4:89->ac:bc:32:d4:6f:2f decision=arp score=0.992 is_attack=True
2025-11-12T18:16:29.803526+00:00 switch=1 window=699 ec:1a:59:79:f4:89->ac:bc:32:d4:6f:2f decision=arp score=0.992 is_attack=True
2025-11-12T18:16:30.635306+00:00 switch=1 window=700 ac:bc:32:d4:6f:2f->ec:1a:59:79:f4:89 decision=arp score=0.990 is_attack=True
2025-11-12T18:16:31.413926+00:00 switch=1 window=701 ac:bc:32:d4:6f:2f->ec:1a:59:79:f4:89 decision=arp score=0.991 is_attack=True
2025-11-12T18:16:32.151437+00:00 switch=1 window=702 ec:1a:59:79:f4:89->f4:5c:89:93:cc:85 decision=arp score=0.990 is_attack=True
2025-11-12T18:16:32.990967+00:00 switch=1 window=703 ec:1a:59:79:f4:89->f4:5c:89:93:cc:85 decision=arp score=0.989 is_attack=True
2025-11-12T18:16:33.810128+00:00 switch=1 window=705 f4:5c:89:93:cc:85->ec:1a:59:79:f4:89 decision=arp score=0.987 is_attack=True
2025-11-12T18:16:34.469675+00:00 switch=1 window=706 f4:5c:89:93:cc:85->ec:1a:59:79:f4:89 decision=arp score=0.988 is_attack=True
2025-11-12T18:16:35.301807+00:00 switch=1 window=708 ec:1a:59:79:f4:89->30:8c:fb:b6:ea:45 decision=arp score=0.985 is_attack=True
2025-11-12T18:16:35.870209+00:00 switch=1 window=709 ec:1a:59:79:f4:89->30:8c:fb:b6:ea:45 decision=arp score=0.990 is_attack=True
2025-11-12T18:16:36.669915+00:00 switch=1 window=711 30:8c:fb:b6:ea:45->ec:1a:59:79:f4:89 decision=arp score=0.988 is_attack=True
2025-11-12T18:16:37.451301+00:00 switch=1 window=712 30:8c:fb:b6:ea:45->ec:1a:59:79:f4:89 decision=arp score=0.988 is_attack=True
2025-11-12T18:16:38.164843+00:00 switch=1 window=714 ec:1a:59:79:f4:89->18:b4:30:25:be:e4 decision=arp score=0.988 is_attack=True
2025-11-12T18:16:38.860715+00:00 switch=1 window=715 ec:1a:59:79:f4:89->18:b4:30:25:be:e4 decision=arp score=0.990 is_attack=True
2025-11-12T18:16:39.658359+00:00 switch=1 window=717 18:b4:30:25:be:e4->ec:1a:59:79:f4:89 decision=arp score=0.991 is_attack=True
2025-11-12T18:16:40.504099+00:00 switch=1 window=718 18:b4:30:25:be:e4->ec:1a:59:79:f4:89 decision=arp score=0.991 is_attack=True
2025-11-12T18:16:41.293325+00:00 switch=1 window=720 ec:1a:59:79:f4:89->70:ee:50:03:b8:ac decision=arp score=0.992 is_attack=True
2025-11-12T18:16:42.075416+00:00 switch=1 window=721 ec:1a:59:79:f4:89->70:ee:50:03:b8:ac decision=arp score=0.992 is_attack=True
2025-11-12T18:16:42.897566+00:00 switch=1 window=724 70:ee:50:03:b8:ac->ec:1a:59:79:f4:89 decision=arp score=0.993 is_attack=True
2025-11-12T18:16:43.713282+00:00 switch=1 window=725 70:ee:50:03:b8:ac->ec:1a:59:79:f4:89 decision=arp score=0.993 is_attack=True
2025-11-12T18:16:44.515606+00:00 switch=1 window=727 ec:1a:59:79:f4:89->70:ee:50:18:34:43 decision=arp score=0.993 is_attack=True
2025-11-12T18:16:45.402740+00:00 switch=1 window=728 ec:1a:59:79:f4:89->70:ee:50:18:34:43 decision=arp score=0.993 is_attack=True
2025-11-12T18:16:46.171023+00:00 switch=1 window=730 70:ee:50:18:34:43->ec:1a:59:79:f4:89 decision=arp score=0.992 is_attack=True
2025-11-12T18:16:47.001889+00:00 switch=1 window=731 70:ee:50:18:34:43->ec:1a:59:79:f4:89 decision=arp score=0.992 is_attack=True
2025-11-12T18:16:47.513957+00:00 switch=1 window=733 ec:1a:59:79:f4:89->e0:76:d0:33:bb:85 decision=arp score=0.991 is_attack=True
2025-11-12T18:16:48.310626+00:00 switch=1 window=734 ec:1a:59:79:f4:89->e0:76:d0:33:bb:85 decision=arp score=0.991 is_attack=True
2025-11-12T18:16:48.902162+00:00 switch=1 window=737 e0:76:d0:33:bb:85->ec:1a:59:79:f4:89 decision=arp score=0.993 is_attack=True
2025-11-12T18:16:49.718425+00:00 switch=1 window=738 e0:76:d0:33:bb:85->ec:1a:59:79:f4:89 decision=arp score=0.993 is_attack=True
2025-11-12T18:16:50.608233+00:00 switch=1 window=739 ec:1a:59:79:f4:89->08:21:ef:3b:fc:e3 decision=arp score=0.992 is_attack=True
2025-11-12T18:16:51.322633+00:00 switch=1 window=740 ec:1a:59:79:f4:89->08:21:ef:3b:fc:e3 decision=arp score=0.992 is_attack=True
2025-11-12T18:16:52.126998+00:00 switch=1 window=742 08:21:ef:3b:fc:e3->ec:1a:59:79:f4:89 decision=arp score=0.992 is_attack=True
2025-11-12T18:16:52.806304+00:00 switch=1 window=743 08:21:ef:3b:fc:e3->ec:1a:59:79:f4:89 decision=arp score=0.992 is_attack=True
2025-11-12T18:16:53.682738+00:00 switch=1 window=745 ec:1a:59:79:f4:89->00:16:6c:ab:6b:88 decision=arp score=0.992 is_attack=True
2025-11-12T18:16:54.451298+00:00 switch=1 window=746 ec:1a:59:79:f4:89->00:16:6c:ab:6b:88 decision=arp score=0.992 is_attack=True
2025-11-12T18:16:55.296740+00:00 switch=1 window=748 00:16:6c:ab:6b:88->ec:1a:59:79:f4:89 decision=arp score=0.992 is_attack=True
2025-11-12T18:16:56.028126+00:00 switch=1 window=749 00:16:6c:ab:6b:88->ec:1a:59:79:f4:89 decision=arp score=0.992 is_attack=True
2025-11-12T18:16:56.827445+00:00 switch=1 window=751 ec:1a:59:79:f4:89->d0:52:a8:00:67:5e decision=arp score=0.991 is_attack=True
2025-11-12T18:16:57.607487+00:00 switch=1 window=752 ec:1a:59:79:f4:89->d0:52:a8:00:67:5e decision=arp score=0.991 is_attack=True
2025-11-12T18:16:58.488006+00:00 switch=1 window=755 d0:52:a8:00:67:5e->ec:1a:59:79:f4:89 decision=arp score=0.993 is_attack=True
2025-11-12T18:16:59.201481+00:00 switch=1 window=756 d0:52:a8:00:67:5e->ec:1a:59:79:f4:89 decision=arp score=0.993 is_attack=True
2025-11-12T18:16:59.793563+00:00 switch=1 window=758 ec:1a:59:79:f4:89->50:c7:bf:00:56:39 decision=arp score=0.993 is_attack=True
2025-11-12T18:17:00.464195+00:00 switch=1 window=759 ec:1a:59:79:f4:89->50:c7:bf:00:56:39 decision=arp score=0.993 is_attack=True
2025-11-12T18:17:01.254345+00:00 switch=1 window=761 50:c7:bf:00:56:39->ec:1a:59:79:f4:89 decision=arp score=0.992 is_attack=True
2025-11-12T18:17:02.039114+00:00 switch=1 window=762 50:c7:bf:00:56:39->ec:1a:59:79:f4:89 decision=arp score=0.992 is_attack=True
2025-11-12T18:17:02.856503+00:00 switch=1 window=763 ec:1a:59:79:f4:89->f4:f2:6d:93:51:f1 decision=arp score=0.991 is_attack=True
2025-11-12T18:17:03.689482+00:00 switch=1 window=764 ec:1a:59:79:f4:89->f4:f2:6d:93:51:f1 decision=arp score=0.991 is_attack=True
2025-11-12T18:17:04.480353+00:00 switch=1 window=767 f4:f2:6d:93:51:f1->ec:1a:59:79:f4:89 decision=arp score=0.993 is_attack=True
2025-11-12T18:17:05.424696+00:00 switch=1 window=768 f4:f2:6d:93:51:f1->ec:1a:59:79:f4:89 decision=arp score=0.993 is_attack=True
2025-11-12T18:17:06.197567+00:00 switch=1 window=770 ec:1a:59:79:f4:89->18:b7:9e:02:20:44 decision=arp score=0.992 is_attack=True
2025-11-12T18:17:06.958606+00:00 switch=1 window=771 ec:1a:59:79:f4:89->18:b7:9e:02:20:44 decision=arp score=0.992 is_attack=True
2025-11-12T18:17:07.759302+00:00 switch=1 window=773 18:b7:9e:02:20:44->ec:1a:59:79:f4:89 decision=arp score=0.991 is_attack=True
2025-11-12T18:17:08.558771+00:00 switch=1 window=774 18:b7:9e:02:20:44->ec:1a:59:79:f4:89 decision=arp score=0.991 is_attack=True
2025-11-12T18:17:09.345038+00:00 switch=1 window=776 ec:1a:59:79:f4:89->00:24:e4:1b:6f:96 decision=arp score=0.991 is_attack=True
2025-11-12T18:17:10.211356+00:00 switch=1 window=777 ec:1a:59:79:f4:89->00:24:e4:1b:6f:96 decision=arp score=0.991 is_attack=True
2025-11-12T18:17:11.041648+00:00 switch=1 window=780 00:24:e4:1b:6f:96->ec:1a:59:79:f4:89 decision=arp score=0.993 is_attack=True
2025-11-12T18:17:11.817605+00:00 switch=1 window=781 00:24:e4:1b:6f:96->ec:1a:59:79:f4:89 decision=arp score=0.993 is_attack=True
2025-11-12T18:17:12.600754+00:00 switch=1 window=783 ec:1a:59:79:f4:89->00:24:e4:20:28:c6 decision=arp score=0.992 is_attack=True
2025-11-12T18:17:12.969511+00:00 switch=1 window=784 ec:1a:59:79:f4:89->00:24:e4:20:28:c6 decision=arp score=0.992 is_attack=True
2025-11-12T18:17:13.574619+00:00 switch=1 window=786 00:24:e4:20:28:c6->ec:1a:59:79:f4:89 decision=arp score=0.992 is_attack=True
2025-11-12T18:17:14.362540+00:00 switch=1 window=787 00:24:e4:20:28:c6->ec:1a:59:79:f4:89 decision=arp score=0.992 is_attack=True
2025-11-12T18:17:15.293110+00:00 switch=1 window=788 ec:1a:59:79:f4:89->00:24:e4:11:18:a8 decision=arp score=0.991 is_attack=True
2025-11-12T18:17:16.070177+00:00 switch=1 window=789 ec:1a:59:79:f4:89->00:24:e4:11:18:a8 decision=arp score=0.991 is_attack=True
2025-11-12T18:17:16.861525+00:00 switch=1 window=791 00:24:e4:11:18:a8->ec:1a:59:79:f4:89 decision=arp score=0.992 is_attack=True
2025-11-12T18:17:17.616430+00:00 switch=1 window=792 00:24:e4:11:18:a8->ec:1a:59:79:f4:89 decision=arp score=0.992 is_attack=True
2025-11-12T18:17:18.495664+00:00 switch=1 window=795 74:6a:89:00:2e:25->30:8c:fb:2f:e4:b2 decision=arp score=0.993 is_attack=True
2025-11-12T18:17:19.266309+00:00 switch=1 window=796 74:6a:89:00:2e:25->30:8c:fb:2f:e4:b2 decision=arp score=0.993 is_attack=True
2025-11-12T18:17:20.204327+00:00 switch=1 window=798 30:8c:fb:2f:e4:b2->74:6a:89:00:2e:25 decision=arp score=0.993 is_attack=True
2025-11-12T18:17:20.990845+00:00 switch=1 window=799 30:8c:fb:2f:e4:b2->74:6a:89:00:2e:25 decision=arp score=0.993 is_attack=True
2025-11-12T18:17:21.801148+00:00 switch=1 window=801 74:6a:89:00:2e:25->14:cc:20:51:33:ea decision=arp score=0.992 is_attack=True
2025-11-12T18:17:22.580481+00:00 switch=1 window=802 74:6a:89:00:2e:25->14:cc:20:51:33:ea decision=arp score=0.992 is_attack=True
2025-11-12T18:17:23.239222+00:00 switch=1 window=804 14:cc:20:51:33:ea->74:6a:89:00:2e:25 decision=arp score=0.991 is_attack=True
2025-11-12T18:17:24.042086+00:00 switch=1 window=805 14:cc:20:51:33:ea->74:6a:89:00:2e:25 decision=arp score=0.991 is_attack=True
2025-11-12T18:17:24.927393+00:00 switch=1 window=808 74:6a:89:00:2e:25->70:5a:0f:e4:9b:c0 decision=arp score=0.993 is_attack=True
2025-11-12T18:17:25.745797+00:00 switch=1 window=809 74:6a:89:00:2e:25->70:5a:0f:e4:9b:c0 decision=arp score=0.993 is_attack=True
2025-11-12T18:17:26.558320+00:00 switch=1 window=811 70:5a:0f:e4:9b:c0->74:6a:89:00:2e:25 decision=arp score=0.993 is_attack=True
2025-11-12T18:17:27.325510+00:00 switch=1 window=812 70:5a:0f:e4:9b:c0->74:6a:89:00:2e:25 decision=arp score=0.993 is_attack=True
2025-11-12T18:17:28.167332+00:00 switch=1 window=814 74:6a:89:00:2e:25->74:c6:3b:29:d7:1d decision=arp score=0.992 is_attack=True
2025-11-12T18:17:28.981848+00:00 switch=1 window=815 74:6a:89:00:2e:25->74:c6:3b:29:d7:1d decision=arp score=0.992 is_attack=True
2025-11-12T18:17:29.932213+00:00 switch=1 window=817 74:c6:3b:29:d7:1d->74:6a:89:00:2e:25 decision=arp score=0.992 is_attack=True
2025-11-12T18:17:30.753556+00:00 switch=1 window=818 74:c6:3b:29:d7:1d->74:6a:89:00:2e:25 decision=arp score=0.992 is_attack=True
2025-11-12T18:17:31.534831+00:00 switch=1 window=820 74:6a:89:00:2e:25->e8:ab:fa:19:de:4f decision=arp score=0.991 is_attack=True
2025-11-12T18:17:32.302727+00:00 switch=1 window=821 74:6a:89:00:2e:25->e8:ab:fa:19:de:4f decision=arp score=0.991 is_attack=True
2025-11-12T18:17:32.891379+00:00 switch=1 window=824 e8:ab:fa:19:de:4f->74:6a:89:00:2e:25 decision=arp score=0.992 is_attack=True
2025-11-12T18:17:33.677115+00:00 switch=1 window=825 e8:ab:fa:19:de:4f->74:6a:89:00:2e:25 decision=arp score=0.992 is_attack=True
2025-11-12T18:17:34.458931+00:00 switch=1 window=827 74:6a:89:00:2e:25->00:62:6e:51:27:2e decision=arp score=0.992 is_attack=True
2025-11-12T18:17:35.379308+00:00 switch=1 window=828 74:6a:89:00:2e:25->00:62:6e:51:27:2e decision=arp score=0.992 is_attack=True
2025-11-12T18:17:36.200530+00:00 switch=1 window=830 00:62:6e:51:27:2e->74:6a:89:00:2e:25 decision=arp score=0.992 is_attack=True
2025-11-12T18:17:36.975701+00:00 switch=1 window=831 00:62:6e:51:27:2e->74:6a:89:00:2e:25 decision=arp score=0.992 is_attack=True
2025-11-12T18:17:37.762834+00:00 switch=1 window=833 74:6a:89:00:2e:25->d0:a6:37:df:a1:e1 decision=arp score=0.991 is_attack=True
2025-11-12T18:17:38.475739+00:00 switch=1 window=834 74:6a:89:00:2e:25->d0:a6:37:df:a1:e1 decision=arp score=0.991 is_attack=True
2025-11-12T18:17:39.287575+00:00 switch=1 window=836 d0:a6:37:df:a1:e1->74:6a:89:00:2e:25 decision=arp score=0.991 is_attack=True
2025-11-12T18:17:40.176385+00:00 switch=1 window=837 d0:a6:37:df:a1:e1->74:6a:89:00:2e:25 decision=arp score=0.991 is_attack=True
2025-11-12T18:17:40.968808+00:00 switch=1 window=839 74:6a:89:00:2e:25->74:2f:68:81:69:42 decision=arp score=0.991 is_attack=True
2025-11-12T18:17:41.728941+00:00 switch=1 window=840 74:6a:89:00:2e:25->74:2f:68:81:69:42 decision=arp score=0.991 is_attack=True
2025-11-12T18:17:42.379645+00:00 switch=1 window=843 74:2f:68:81:69:42->74:6a:89:00:2e:25 decision=arp score=0.992 is_attack=True
2025-11-12T18:17:42.982420+00:00 switch=1 window=844 74:2f:68:81:69:42->74:6a:89:00:2e:25 decision=arp score=0.992 is_attack=True
2025-11-12T18:17:43.846516+00:00 switch=1 window=846 74:6a:89:00:2e:25->d0:73:d5:01:83:08 decision=arp score=0.992 is_attack=True
2025-11-12T18:17:44.703613+00:00 switch=1 window=847 74:6a:89:00:2e:25->d0:73:d5:01:83:08 decision=arp score=0.992 is_attack=True
2025-11-12T18:17:45.357646+00:00 switch=1 window=848 d0:73:d5:01:83:08->74:6a:89:00:2e:25 decision=arp score=0.991 is_attack=True
2025-11-12T18:17:46.062275+00:00 switch=1 window=849 d0:73:d5:01:83:08->74:6a:89:00:2e:25 decision=arp score=0.991 is_attack=True
2025-11-12T18:17:46.857901+00:00 switch=1 window=852 74:6a:89:00:2e:25->ac:bc:32:d4:6f:2f decision=arp score=0.992 is_attack=True
2025-11-12T18:17:47.650476+00:00 switch=1 window=853 74:6a:89:00:2e:25->ac:bc:32:d4:6f:2f decision=arp score=0.992 is_attack=True
2025-11-12T18:17:48.527573+00:00 switch=1 window=855 ac:bc:32:d4:6f:2f->74:6a:89:00:2e:25 decision=arp score=0.993 is_attack=True
2025-11-12T18:17:49.218285+00:00 switch=1 window=856 ac:bc:32:d4:6f:2f->74:6a:89:00:2e:25 decision=arp score=0.993 is_attack=True
2025-11-12T18:17:50.111334+00:00 switch=1 window=858 74:6a:89:00:2e:25->f4:5c:89:93:cc:85 decision=arp score=0.992 is_attack=True
2025-11-12T18:17:50.981597+00:00 switch=1 window=859 74:6a:89:00:2e:25->f4:5c:89:93:cc:85 decision=arp score=0.992 is_attack=True
2025-11-12T18:17:51.778584+00:00 switch=1 window=861 f4:5c:89:93:cc:85->74:6a:89:00:2e:25 decision=arp score=0.992 is_attack=True
2025-11-12T18:17:52.549704+00:00 switch=1 window=862 f4:5c:89:93:cc:85->74:6a:89:00:2e:25 decision=arp score=0.992 is_attack=True
2025-11-12T18:17:53.367260+00:00 switch=1 window=864 74:6a:89:00:2e:25->30:8c:fb:b6:ea:45 decision=arp score=0.966 is_attack=True
2025-11-12T18:17:54.146909+00:00 switch=1 window=865 74:6a:89:00:2e:25->30:8c:fb:b6:ea:45 decision=arp score=0.956 is_attack=True
2025-11-12T18:17:55.057322+00:00 switch=1 window=868 30:8c:fb:b6:ea:45->74:6a:89:00:2e:25 decision=arp score=0.993 is_attack=True
2025-11-12T18:17:55.851682+00:00 switch=1 window=869 30:8c:fb:b6:ea:45->74:6a:89:00:2e:25 decision=arp score=0.993 is_attack=True
2025-11-12T18:17:56.935442+00:00 switch=1 window=871 74:6a:89:00:2e:25->18:b4:30:25:be:e4 decision=arp score=0.992 is_attack=True
2025-11-12T18:17:58.018700+00:00 switch=1 window=872 74:6a:89:00:2e:25->18:b4:30:25:be:e4 decision=arp score=0.992 is_attack=True
2025-11-12T18:17:59.144047+00:00 switch=1 window=874 18:b4:30:25:be:e4->74:6a:89:00:2e:25 decision=arp score=0.992 is_attack=True
2025-11-12T18:18:00.065154+00:00 switch=1 window=875 18:b4:30:25:be:e4->74:6a:89:00:2e:25 decision=arp score=0.992 is_attack=True
2025-11-12T18:18:00.873314+00:00 switch=1 window=879 74:6a:89:00:2e:25->70:ee:50:03:b8:ac decision=arp score=0.993 is_attack=True
2025-11-12T18:18:01.568246+00:00 switch=1 window=880 74:6a:89:00:2e:25->70:ee:50:03:b8:ac decision=arp score=0.993 is_attack=True
2025-11-12T18:18:02.368612+00:00 switch=1 window=883 70:ee:50:03:b8:ac->74:6a:89:00:2e:25 decision=arp score=0.993 is_attack=True
2025-11-12T18:18:03.193816+00:00 switch=1 window=884 70:ee:50:03:b8:ac->74:6a:89:00:2e:25 decision=arp score=0.993 is_attack=True
2025-11-12T18:18:03.630472+00:00 switch=1 window=886 74:6a:89:00:2e:25->70:ee:50:18:34:43 decision=arp score=0.993 is_attack=True
2025-11-12T18:18:04.392259+00:00 switch=1 window=887 74:6a:89:00:2e:25->70:ee:50:18:34:43 decision=arp score=0.993 is_attack=True
2025-11-12T18:18:04.625396+00:00 switch=1 window=889 70:ee:50:18:34:43->74:6a:89:00:2e:25 decision=arp score=0.992 is_attack=True
2025-11-12T18:18:04.784758+00:00 switch=1 window=890 70:ee:50:18:34:43->74:6a:89:00:2e:25 decision=arp score=0.992 is_attack=True
2025-11-12T18:18:05.009625+00:00 switch=1 window=891 74:6a:89:00:2e:25->e0:76:d0:33:bb:85 decision=arp score=0.991 is_attack=True
2025-11-12T18:18:05.908918+00:00 switch=1 window=892 e0:76:d0:33:bb:85->74:6a:89:00:2e:25 decision=arp score=0.838 is_attack=True
2025-11-12T18:18:06.703992+00:00 switch=1 window=893 74:6a:89:00:2e:25->08:21:ef:3b:fc:e3 decision=arp score=0.953 is_attack=True
2025-11-12T18:18:07.396257+00:00 switch=1 window=894 08:21:ef:3b:fc:e3->74:6a:89:00:2e:25 decision=normal score=0.553 is_attack=False
2025-11-12T18:18:08.040308+00:00 switch=1 window=895 08:21:ef:3b:fc:e3->74:6a:89:00:2e:25 decision=arp score=0.980 is_attack=True
2025-11-12T18:18:08.856119+00:00 switch=1 window=896 74:6a:89:00:2e:25->00:16:6c:ab:6b:88 decision=arp score=0.980 is_attack=True
2025-11-12T18:18:09.627884+00:00 switch=1 window=897 74:6a:89:00:2e:25->00:16:6c:ab:6b:88 decision=arp score=0.987 is_attack=True
2025-11-12T18:18:10.460851+00:00 switch=1 window=899 00:16:6c:ab:6b:88->74:6a:89:00:2e:25 decision=arp score=0.987 is_attack=True
2025-11-12T18:18:11.246601+00:00 switch=1 window=900 00:16:6c:ab:6b:88->74:6a:89:00:2e:25 decision=arp score=0.919 is_attack=True
2025-11-12T18:18:12.020396+00:00 switch=1 window=902 74:6a:89:00:2e:25->d0:52:a8:00:67:5e decision=arp score=0.976 is_attack=True
2025-11-12T18:18:12.759822+00:00 switch=1 window=903 74:6a:89:00:2e:25->d0:52:a8:00:67:5e decision=arp score=0.983 is_attack=True
2025-11-12T18:18:13.487680+00:00 switch=1 window=905 d0:52:a8:00:67:5e->74:6a:89:00:2e:25 decision=arp score=0.983 is_attack=True
2025-11-12T18:18:14.228109+00:00 switch=1 window=906 d0:52:a8:00:67:5e->74:6a:89:00:2e:25 decision=arp score=0.978 is_attack=True
2025-11-12T18:18:15.207015+00:00 switch=1 window=908 74:6a:89:00:2e:25->50:c7:bf:00:56:39 decision=arp score=0.987 is_attack=True
2025-11-12T18:18:15.974577+00:00 switch=1 window=909 74:6a:89:00:2e:25->50:c7:bf:00:56:39 decision=arp score=0.981 is_attack=True
2025-11-12T18:18:16.767610+00:00 switch=1 window=911 50:c7:bf:00:56:39->74:6a:89:00:2e:25 decision=arp score=0.986 is_attack=True
2025-11-12T18:18:17.454490+00:00 switch=1 window=912 50:c7:bf:00:56:39->74:6a:89:00:2e:25 decision=arp score=0.988 is_attack=True
2025-11-12T18:18:18.307387+00:00 switch=1 window=914 74:6a:89:00:2e:25->f4:f2:6d:93:51:f1 decision=arp score=0.979 is_attack=True
2025-11-12T18:18:19.083092+00:00 switch=1 window=915 74:6a:89:00:2e:25->f4:f2:6d:93:51:f1 decision=arp score=0.982 is_attack=True
2025-11-12T18:18:19.677839+00:00 switch=1 window=917 f4:f2:6d:93:51:f1->74:6a:89:00:2e:25 decision=arp score=0.974 is_attack=True
2025-11-12T18:18:20.224250+00:00 switch=1 window=918 f4:f2:6d:93:51:f1->74:6a:89:00:2e:25 decision=arp score=0.985 is_attack=True
2025-11-12T18:18:21.046813+00:00 switch=1 window=921 74:6a:89:00:2e:25->18:b7:9e:02:20:44 decision=arp score=0.992 is_attack=True
2025-11-12T18:18:21.826257+00:00 switch=1 window=922 74:6a:89:00:2e:25->18:b7:9e:02:20:44 decision=arp score=0.992 is_attack=True
2025-11-12T18:18:22.721392+00:00 switch=1 window=923 18:b7:9e:02:20:44->74:6a:89:00:2e:25 decision=arp score=0.909 is_attack=True
2025-11-12T18:18:23.591865+00:00 switch=1 window=924 18:b7:9e:02:20:44->74:6a:89:00:2e:25 decision=dos score=0.777 is_attack=True
2025-11-12T18:18:24.300188+00:00 switch=1 window=926 74:6a:89:00:2e:25->00:24:e4:1b:6f:96 decision=arp score=0.989 is_attack=True
2025-11-12T18:18:25.170428+00:00 switch=1 window=927 74:6a:89:00:2e:25->00:24:e4:1b:6f:96 decision=arp score=0.986 is_attack=True
2025-11-12T18:18:25.775359+00:00 switch=1 window=930 00:24:e4:1b:6f:96->74:6a:89:00:2e:25 decision=arp score=0.992 is_attack=True
2025-11-12T18:18:25.878688+00:00 switch=1 window=931 00:24:e4:1b:6f:96->74:6a:89:00:2e:25 decision=arp score=0.992 is_attack=True
2025-11-12T18:18:26.215496+00:00 switch=1 window=933 74:6a:89:00:2e:25->00:24:e4:20:28:c6 decision=arp score=0.989 is_attack=True
2025-11-12T18:18:26.932318+00:00 switch=1 window=934 00:24:e4:20:28:c6->74:6a:89:00:2e:25 decision=normal score=0.571 is_attack=False
2025-11-12T18:18:27.737534+00:00 switch=1 window=935 74:6a:89:00:2e:25->00:24:e4:11:18:a8 decision=dos score=0.615 is_attack=False
2025-11-12T18:18:28.679269+00:00 switch=1 window=936 00:24:e4:11:18:a8->74:6a:89:00:2e:25 decision=normal score=0.552 is_attack=False
2025-11-12T18:18:29.450434+00:00 switch=1 window=937 00:24:e4:11:18:a8->74:6a:89:00:2e:25 decision=arp score=0.958 is_attack=True
2025-11-12T18:18:30.345548+00:00 switch=1 window=938 30:8c:fb:2f:e4:b2->14:cc:20:51:33:ea decision=arp score=0.823 is_attack=True
2025-11-12T18:18:30.782388+00:00 switch=1 window=939 30:8c:fb:2f:e4:b2->14:cc:20:51:33:ea decision=dos score=0.743 is_attack=True
2025-11-12T18:18:31.566154+00:00 switch=1 window=941 14:cc:20:51:33:ea->30:8c:fb:2f:e4:b2 decision=arp score=0.942 is_attack=True
2025-11-12T18:18:32.341226+00:00 switch=1 window=942 14:cc:20:51:33:ea->30:8c:fb:2f:e4:b2 decision=arp score=0.965 is_attack=True
2025-11-12T18:18:33.274548+00:00 switch=1 window=944 30:8c:fb:2f:e4:b2->70:5a:0f:e4:9b:c0 decision=arp score=0.976 is_attack=True
2025-11-12T18:18:34.110967+00:00 switch=1 window=945 30:8c:fb:2f:e4:b2->70:5a:0f:e4:9b:c0 decision=arp score=0.949 is_attack=True
2025-11-12T18:18:34.973020+00:00 switch=1 window=947 70:5a:0f:e4:9b:c0->30:8c:fb:2f:e4:b2 decision=arp score=0.977 is_attack=True
2025-11-12T18:18:35.805145+00:00 switch=1 window=948 70:5a:0f:e4:9b:c0->30:8c:fb:2f:e4:b2 decision=arp score=0.958 is_attack=True
2025-11-12T18:18:36.595120+00:00 switch=1 window=951 30:8c:fb:2f:e4:b2->74:c6:3b:29:d7:1d decision=arp score=0.991 is_attack=True
2025-11-12T18:18:37.365960+00:00 switch=1 window=952 30:8c:fb:2f:e4:b2->74:c6:3b:29:d7:1d decision=arp score=0.991 is_attack=True
2025-11-12T18:18:38.193382+00:00 switch=1 window=954 74:c6:3b:29:d7:1d->30:8c:fb:2f:e4:b2 decision=dos score=0.929 is_attack=True
2025-11-12T18:18:38.995762+00:00 switch=1 window=955 74:c6:3b:29:d7:1d->30:8c:fb:2f:e4:b2 decision=dos score=0.897 is_attack=True
2025-11-12T18:18:39.830546+00:00 switch=1 window=957 30:8c:fb:2f:e4:b2->e8:ab:fa:19:de:4f decision=arp score=0.983 is_attack=True
2025-11-12T18:18:40.887350+00:00 switch=1 window=958 30:8c:fb:2f:e4:b2->e8:ab:fa:19:de:4f decision=arp score=0.965 is_attack=True
2025-11-12T18:18:41.883657+00:00 switch=1 window=961 e8:ab:fa:19:de:4f->30:8c:fb:2f:e4:b2 decision=arp score=0.990 is_attack=True
2025-11-12T18:18:42.660963+00:00 switch=1 window=962 e8:ab:fa:19:de:4f->30:8c:fb:2f:e4:b2 decision=arp score=0.991 is_attack=True
2025-11-12T18:20:55.762942+00:00 switch=1 window=0 30:8c:fb:2f:e4:b2->33:33:00:00:00:16 decision=dos score=0.931 is_attack=True
2025-11-12T18:20:56.256996+00:00 switch=1 window=1 ac:bc:32:d4:6f:2f->33:33:00:00:00:16 decision=dos score=0.931 is_attack=True
2025-11-12T18:20:56.823130+00:00 switch=1 window=2 00:24:e4:11:18:a8->33:33:00:00:00:16 decision=dos score=0.931 is_attack=True
2025-11-12T18:20:57.345600+00:00 switch=1 window=3 00:24:e4:1b:6f:96->33:33:00:00:00:16 decision=dos score=0.931 is_attack=True
2025-11-12T18:20:58.070316+00:00 switch=1 window=4 b4:ce:f6:a7:a3:c2->33:33:00:00:00:02 decision=dos score=0.931 is_attack=True
2025-11-12T18:20:58.738806+00:00 switch=1 window=5 40:f3:08:ff:1e:da->33:33:00:00:00:02 decision=dos score=0.931 is_attack=True
2025-11-12T18:20:59.484896+00:00 switch=1 window=6 40:f3:08:ff:1e:da->33:33:00:00:00:02 decision=dos score=0.893 is_attack=True
2025-11-12T18:21:00.058381+00:00 switch=1 window=7 14:cc:20:51:33:ea->33:33:00:00:00:02 decision=dos score=0.880 is_attack=True
2025-11-12T18:21:00.973792+00:00 switch=1 window=8 14:cc:20:51:33:ea->33:33:00:00:00:02 decision=dos score=0.884 is_attack=True
2025-11-12T18:21:01.391871+00:00 switch=1 window=9 ec:1a:59:83:28:11->33:33:00:00:00:02 decision=dos score=0.891 is_attack=True
2025-11-12T18:21:02.095306+00:00 switch=1 window=10 70:ee:50:18:34:43->33:33:00:00:00:02 decision=dos score=0.931 is_attack=True
2025-11-12T18:21:02.455599+00:00 switch=1 window=11 70:ee:50:18:34:43->33:33:00:00:00:02 decision=dos score=0.931 is_attack=True
2025-11-12T18:21:03.180339+00:00 switch=1 window=13 30:8c:fb:2f:e4:b2->14:cc:20:51:33:ea decision=dos score=0.931 is_attack=True
2025-11-12T18:21:03.412362+00:00 switch=1 window=14 30:8c:fb:2f:e4:b2->14:cc:20:51:33:ea decision=dos score=0.931 is_attack=True
2025-11-12T18:21:03.809760+00:00 switch=1 window=16 14:cc:20:51:33:ea->30:8c:fb:2f:e4:b2 decision=dos score=0.821 is_attack=True
2025-11-12T18:21:05.474542+00:00 switch=1 window=17 e0:76:d0:3f:00:ae->14:cc:20:51:33:ea decision=dos score=0.831 is_attack=True
2025-11-12T18:21:05.847816+00:00 switch=1 window=18 e0:76:d0:3f:00:ae->14:cc:20:51:33:ea decision=dos score=0.910 is_attack=True
2025-11-12T18:21:06.889453+00:00 switch=1 window=20 e0:76:d0:3f:00:ae->14:cc:20:51:33:ea decision=dos score=0.889 is_attack=True
2025-11-12T18:21:07.267671+00:00 switch=1 window=21 e0:76:d0:3f:00:ae->14:cc:20:51:33:ea decision=dos score=0.912 is_attack=True
2025-11-12T18:21:07.619213+00:00 switch=1 window=22 14:cc:20:51:33:ea->70:ee:50:18:34:43 decision=dos score=0.919 is_attack=True
2025-11-12T18:21:07.837896+00:00 switch=1 window=23 14:cc:20:51:33:ea->70:ee:50:18:34:43 decision=dos score=0.931 is_attack=True
2025-11-12T18:21:08.111242+00:00 switch=1 window=25 44:65:0d:56:cc:d3->33:33:00:00:00:02 decision=dos score=0.931 is_attack=True
2025-11-12T18:21:08.441546+00:00 switch=1 window=26 14:cc:20:51:33:ea->01:00:5e:7f:ff:fa decision=dos score=0.931 is_attack=True
2025-11-12T18:21:08.779495+00:00 switch=1 window=27 14:cc:20:51:33:ea->33:33:00:00:00:0c decision=dos score=0.931 is_attack=True
2025-11-12T18:21:09.216511+00:00 switch=1 window=28 14:cc:20:51:33:ea->33:33:00:00:00:0c decision=dos score=0.931 is_attack=True
2025-11-12T18:21:21.103998+00:00 switch=1 window=29 70:5a:0f:e4:9b:c0->33:33:00:00:00:02 decision=dos score=0.931 is_attack=True
2025-11-12T18:21:21.867422+00:00 switch=1 window=30 70:5a:0f:e4:9b:c0->33:33:00:00:00:02 decision=dos score=0.931 is_attack=True
2025-11-12T18:21:22.587563+00:00 switch=1 window=51 14:cc:20:51:33:ea->33:33:00:00:00:02 decision=dos score=0.901 is_attack=True
2025-11-12T18:21:23.358934+00:00 switch=1 window=52 14:cc:20:51:33:ea->33:33:00:00:00:02 decision=arp score=0.903 is_attack=True
2025-11-12T18:21:24.102317+00:00 switch=1 window=54 40:f3:08:ff:1e:da->33:33:00:00:00:02 decision=dos score=0.928 is_attack=True
2025-11-12T18:21:24.839257+00:00 switch=1 window=55 40:f3:08:ff:1e:da->33:33:00:00:00:02 decision=dos score=0.929 is_attack=True
2025-11-12T18:21:25.635278+00:00 switch=1 window=57 08:21:ef:3b:fc:e3->33:33:00:00:00:02 decision=dos score=0.931 is_attack=True
2025-11-12T18:21:26.419480+00:00 switch=1 window=58 08:21:ef:3b:fc:e3->33:33:00:00:00:02 decision=dos score=0.931 is_attack=True
2025-11-12T18:21:27.210269+00:00 switch=1 window=60 d0:52:a8:00:67:5e->33:33:00:00:00:02 decision=dos score=0.931 is_attack=True
2025-11-12T18:21:27.880682+00:00 switch=1 window=61 d0:52:a8:00:67:5e->33:33:00:00:00:02 decision=dos score=0.931 is_attack=True
2025-11-12T18:21:28.653282+00:00 switch=1 window=63 50:c7:bf:00:56:39->33:33:00:00:00:02 decision=dos score=0.931 is_attack=True
2025-11-12T18:21:29.432305+00:00 switch=1 window=64 50:c7:bf:00:56:39->33:33:00:00:00:02 decision=dos score=0.931 is_attack=True
2025-11-12T18:21:51.361484+00:00 switch=1 window=66 70:5a:0f:e4:9b:c0->33:33:00:00:00:02 decision=dos score=0.915 is_attack=True
2025-11-12T18:21:52.105546+00:00 switch=1 window=67 70:5a:0f:e4:9b:c0->33:33:00:00:00:02 decision=dos score=0.925 is_attack=True
2025-11-12T18:21:52.925698+00:00 switch=1 window=112 e0:76:d0:33:bb:85->33:33:00:00:00:02 decision=arp score=0.987 is_attack=True
2025-11-12T18:21:53.395279+00:00 switch=1 window=113 e0:76:d0:33:bb:85->33:33:00:00:00:02 decision=arp score=0.990 is_attack=True
2025-11-12T18:21:54.196702+00:00 switch=1 window=115 00:24:e4:1b:6f:96->33:33:00:00:00:02 decision=arp score=0.966 is_attack=True
2025-11-12T18:21:54.955595+00:00 switch=1 window=116 00:24:e4:1b:6f:96->33:33:00:00:00:02 decision=arp score=0.976 is_attack=True
2025-11-12T18:21:55.741675+00:00 switch=1 window=117 08:21:ef:3b:fc:e3->33:33:00:00:00:02 decision=dos score=0.928 is_attack=True
2025-11-12T18:21:56.516419+00:00 switch=1 window=118 08:21:ef:3b:fc:e3->33:33:00:00:00:02 decision=dos score=0.930 is_attack=True
2025-11-12T18:21:57.300058+00:00 switch=1 window=120 30:8c:fb:2f:e4:b2->33:33:00:00:00:02 decision=dos score=0.931 is_attack=True
2025-11-12T18:21:58.095279+00:00 switch=1 window=121 30:8c:fb:2f:e4:b2->33:33:00:00:00:02 decision=dos score=0.931 is_attack=True
2025-11-12T18:22:01.091241+00:00 switch=1 window=124 70:ee:50:18:34:43->33:33:00:00:00:02 decision=arp score=0.929 is_attack=True
2025-11-12T18:22:01.862949+00:00 switch=1 window=125 70:ee:50:18:34:43->33:33:00:00:00:02 decision=dos score=0.901 is_attack=True
2025-11-12T18:22:02.679584+00:00 switch=1 window=131 74:c6:3b:29:d7:1d->33:33:00:00:00:02 decision=dos score=0.931 is_attack=True
2025-11-12T18:22:03.453597+00:00 switch=1 window=132 74:c6:3b:29:d7:1d->33:33:00:00:00:02 decision=dos score=0.931 is_attack=True
2025-11-12T18:22:05.103521+00:00 switch=1 window=134 ac:bc:32:d4:6f:2f->33:33:00:00:00:02 decision=dos score=0.931 is_attack=True
2025-11-12T18:22:06.644657+00:00 switch=1 window=140 00:16:6c:ab:6b:88->33:33:00:00:00:02 decision=dos score=0.926 is_attack=True
2025-11-12T18:22:07.442503+00:00 switch=1 window=141 50:c7:bf:00:56:39->33:33:00:00:00:02 decision=arp score=0.935 is_attack=True
2025-11-12T18:29:29.654787+00:00 switch=1 window=0 50:c7:bf:00:56:39->33:33:00:00:00:16 decision=dos score=0.931 is_attack=True
2025-11-12T18:29:31.388170+00:00 switch=1 window=1 50:c7:bf:00:56:39->33:33:00:00:00:02 decision=dos score=0.931 is_attack=True
2025-11-12T18:29:32.870894+00:00 switch=1 window=2 50:c7:bf:00:56:39->33:33:00:00:00:02 decision=dos score=0.841 is_attack=True
2025-11-12T18:29:34.444916+00:00 switch=1 window=4 b4:ce:f6:a7:a3:c2->33:33:00:00:00:02 decision=arp score=0.878 is_attack=True
2025-11-12T18:29:35.904150+00:00 switch=1 window=5 b4:ce:f6:a7:a3:c2->33:33:00:00:00:02 decision=arp score=0.920 is_attack=True
2025-11-12T18:29:37.544910+00:00 switch=1 window=10 30:8c:fb:2f:e4:b2->33:33:00:00:00:02 decision=dos score=0.931 is_attack=True
2025-11-12T18:29:39.037530+00:00 switch=1 window=11 30:8c:fb:2f:e4:b2->33:33:00:00:00:02 decision=dos score=0.931 is_attack=True
2025-11-12T18:29:40.512764+00:00 switch=1 window=16 70:ee:50:18:34:43->33:33:00:00:00:02 decision=dos score=0.931 is_attack=True
2025-11-12T18:29:41.952268+00:00 switch=1 window=17 70:ee:50:18:34:43->33:33:00:00:00:02 decision=dos score=0.931 is_attack=True
2025-11-12T18:29:43.809295+00:00 switch=1 window=23 40:f3:08:ff:1e:da->33:33:00:00:00:02 decision=dos score=0.931 is_attack=True
2025-11-12T18:29:46.860238+00:00 switch=1 window=30 70:ee:50:18:34:43->33:33:00:00:00:02 decision=dos score=0.931 is_attack=True
2025-11-12T18:29:47.177152+00:00 switch=1 window=35 00:24:e4:11:18:a8->33:33:00:00:00:02 decision=dos score=0.928 is_attack=True
2025-11-12T18:29:47.543295+00:00 switch=1 window=38 14:cc:20:51:33:ea->e0:76:d0:3f:00:ae decision=normal score=0.549 is_attack=False
2025-11-12T18:29:47.841203+00:00 switch=1 window=39 14:cc:20:51:33:ea->30:8c:fb:2f:e4:b2 decision=dos score=0.912 is_attack=True
2025-11-12T18:29:48.928544+00:00 switch=1 window=41 14:cc:20:51:33:ea->33:33:00:00:00:0c decision=dos score=0.931 is_attack=True
2025-11-12T18:29:49.330347+00:00 switch=1 window=42 14:cc:20:51:33:ea->33:33:00:00:00:0c decision=dos score=0.931 is_attack=True
