{
  "temperature": 0.22521676123142242,
  "threshold": 1.6675128833298913e-08
}