{
  "requested_out_dim": 128,
  "out_dim": 31,
  "src_names": [
    "f_0",
    "f_1",
    "f_2",
    "f_3",
    "f_4",
    "f_5",
    "f_6",
    "f_7",
    "f_8",
    "f_9",
    "f_10",
    "f_11",
    "f_12",
    "f_13",
    "f_14",
    "f_15",
    "f_16",
    "f_17",
    "f_18",
    "f_19",
    "f_20",
    "f_21",
    "f_22",
    "f_23",
    "f_24",
    "f_25",
    "f_26",
    "f_27",
    "f_28",
    "f_29",
    "f_30"
  ],
  "components_shape": [
    31,
    31
  ],
  "explained_variance_ratio": [
    0.9516912698745728,
    0.041615672409534454,
    0.0035996686201542616,
    0.0011425295379012823,
    0.0009128412930294871,
    0.0004903935478068888,
    0.0002034646167885512,
    0.00014129052578937262,
    0.00011463912960607558,
    3.218504571123049e-05,
    2.3444799808203243e-05,
    1.0824048331414815e-05,
    8.042868103075307e-06,
    5.218504156800918e-06,
    3.482711690594442e-06,
    1.6801018318801653e-06,
    1.1603513030422619e-06,
    8.610728627900244e-07,
    4.821773700314225e-07,
    3.1214835871651303e-07,
    2.7728768259294156e-07,
    1.371981994680027e-07,
    9.28437344782651e-08,
    4.591647240204111e-08,
    2.828957157419154e-08,
    1.0890380153227852e-08,
    1.4518950486319682e-09,
    1.0075582503333691e-20,
    7.545510043759608e-21,
    3.1727411317250094e-23,
    0.0
  ]
}