{
  "lower": {
    "pkt_count": 0.0,
    "byte_count": 0.0,
    "pps": 0.0,
    "bps": 0.0,
    "mean_pkt_len": 0.0,
    "std_pkt_len": 0.0,
    "min_pkt_len": 0.0,
    "max_pkt_len": 0.0,
    "mean_iat": 0.0,
    "std_iat": 0.0,
    "tcp_count": 0.0,
    "udp_count": 0.0,
    "icmp_count": 0.0,
    "tcp_syn": 0.0,
    "tcp_ack": 0.0,
    "tcp_rst": 0.0,
    "tcp_fin": 0.0,
    "src_ip_entropy": 0.0,
    "dst_ip_entropy": 0.0,
    "src_port_entropy": 0.0,
    "dst_port_entropy": 0.0,
    "unique_src_ips": 0.0,
    "unique_dst_ips": 0.0,
    "unique_src_ports": 0.0,
    "unique_dst_ports": 0.0,
    "tcp_ratio": 0.0,
    "udp_ratio": 0.0,
    "icmp_ratio": 0.0
  },
  "upper": {
    "pkt_count": 6.218600119691729,
    "byte_count": 12.968722787299994,
    "pps": 6.218600119691729,
    "bps": 15.048162288352126,
    "mean_pkt_len": 932.6735524770723,
    "std_pkt_len": 720.9659636776356,
    "min_pkt_len": 352.0,
    "max_pkt_len": 2515.0,
    "mean_iat": 0.8653258175849916,
    "std_iat": 0.5742889987030839,
    "tcp_count": 5.176149732573829,
    "udp_count": 6.037870919922137,
    "icmp_count": 2.5649493574615367,
    "tcp_syn": 3.295836866004329,
    "tcp_ack": 5.099866427824199,
    "tcp_rst": 1.6094379124341003,
    "tcp_fin": 3.295836866004329,
    "src_ip_entropy": 3.6635327548042547,
    "dst_ip_entropy": 3.708132064658601,
    "src_port_entropy": 4.15732566027082,
    "dst_port_entropy": 4.006791286183035,
    "unique_src_ips": 16.0,
    "unique_dst_ips": 17.0,
    "unique_src_ports": 28.0,
    "unique_dst_ports": 25.0,
    "tcp_ratio": 1.0,
    "udp_ratio": 1.0,
    "icmp_ratio": 1.0
  }
}