{
  "threshold_errors": {
    "count": 34525,
    "quantile": 0.999
  },
  "stats": {
    "mean": 0.01300855539739132,
    "std": 0.015142557211220264,
    "median": 0.008544058538973331,
    "mad": 0.0049671633169054985,
    "q99": 0.07063359141349788,
    "q995": 0.08732843808829822,
    "q999": 0.1445998907387252
  }
}