{
  "normal1.pcap": {
    "count": 172798,
    "q99": 0.06644646778702731,
    "q995": 0.07916713181882903,
    "q999": 0.11938013570755723
  },
  "normal2.pcap": {
    "count": 172797,
    "q99": 0.07542103797197361,
    "q995": 0.09684138104319569,
    "q999": 0.1879559236168855
  }
}